ts_code,cluster
000001.SZ,2
000002.SZ,5
000006.SZ,2
000007.SZ,0
000008.SZ,2
000009.SZ,1
000010.SZ,2
000011.SZ,2
000012.SZ,1
000014.SZ,0
000016.SZ,2
000017.SZ,0
000019.SZ,0
000020.SZ,2
000021.SZ,0
000025.SZ,1
000026.SZ,0
000027.SZ,1
000028.SZ,6
000029.SZ,0
000030.SZ,2
000031.SZ,2
000032.SZ,2
000034.SZ,6
000035.SZ,1
000036.SZ,0
000037.SZ,0
000039.SZ,2
000042.SZ,2
000045.SZ,0
000048.SZ,1
000049.SZ,6
000050.SZ,1
000055.SZ,1
000056.SZ,2
000058.SZ,2
000059.SZ,2
000060.SZ,1
000061.SZ,1
000062.SZ,2
000063.SZ,6
000065.SZ,2
000066.SZ,2
000068.SZ,1
000069.SZ,2
000070.SZ,2
000078.SZ,2
000088.SZ,1
000089.SZ,1
000090.SZ,2
000096.SZ,0
000099.SZ,1
000100.SZ,1
000151.SZ,2
000153.SZ,2
000155.SZ,1
000156.SZ,2
000157.SZ,2
000158.SZ,2
000159.SZ,2
000166.SZ,2
000301.SZ,1
000333.SZ,6
000338.SZ,1
000400.SZ,0
000401.SZ,1
000402.SZ,1
000403.SZ,0
000404.SZ,2
000407.SZ,1
000408.SZ,1
000409.SZ,0
000410.SZ,2
000411.SZ,6
000415.SZ,1
000417.SZ,2
000419.SZ,1
000420.SZ,1
000421.SZ,2
000422.SZ,1
000423.SZ,0
000425.SZ,2
000426.SZ,1
000428.SZ,2
000429.SZ,1
000430.SZ,1
000488.SZ,2
000498.SZ,2
000501.SZ,1
000503.SZ,0
000504.SZ,2
000505.SZ,2
000506.SZ,2
000507.SZ,1
000509.SZ,2
000510.SZ,1
000513.SZ,0
000514.SZ,0
000516.SZ,1
000517.SZ,0
000518.SZ,0
000519.SZ,0
000520.SZ,2
000521.SZ,2
000523.SZ,1
000524.SZ,2
000525.SZ,1
000526.SZ,1
000528.SZ,2
000529.SZ,1
000530.SZ,2
000531.SZ,1
000532.SZ,1
000533.SZ,2
000534.SZ,1
000536.SZ,2
000537.SZ,1
000538.SZ,0
000539.SZ,1
000541.SZ,0
000543.SZ,1
000544.SZ,1
000545.SZ,2
000546.SZ,1
000547.SZ,0
000548.SZ,0
000550.SZ,6
000551.SZ,0
000552.SZ,1
000553.SZ,2
000554.SZ,1
000555.SZ,2
000557.SZ,0
000558.SZ,1
000559.SZ,2
000560.SZ,1
000561.SZ,0
000563.SZ,0
000564.SZ,1
000565.SZ,1
000566.SZ,2
000567.SZ,0
000568.SZ,0
000570.SZ,0
000571.SZ,2
000572.SZ,2
000573.SZ,0
000576.SZ,1
000581.SZ,0
000582.SZ,1
000586.SZ,0
000589.SZ,2
000590.SZ,1
000591.SZ,1
000592.SZ,0
000593.SZ,1
000595.SZ,1
000596.SZ,6
000597.SZ,2
000598.SZ,1
000599.SZ,2
000600.SZ,1
000601.SZ,1
000603.SZ,1
000605.SZ,1
000607.SZ,1
000608.SZ,1
000609.SZ,2
000610.SZ,2
000612.SZ,1
000615.SZ,1
000617.SZ,5
000619.SZ,2
000620.SZ,2
000623.SZ,1
000625.SZ,2
000626.SZ,6
000628.SZ,2
000629.SZ,1
000630.SZ,1
000631.SZ,0
000632.SZ,2
000633.SZ,1
000635.SZ,1
000636.SZ,0
000637.SZ,1
000638.SZ,2
000639.SZ,2
000650.SZ,0
000651.SZ,6
000652.SZ,2
000655.SZ,0
000656.SZ,2
000657.SZ,2
000659.SZ,2
000661.SZ,0
000663.SZ,0
000665.SZ,1
000669.SZ,2
000670.SZ,2
000672.SZ,1
000676.SZ,0
000677.SZ,0
000678.SZ,2
000679.SZ,2
000680.SZ,2
000681.SZ,1
000682.SZ,0
000683.SZ,1
000685.SZ,1
000686.SZ,2
000688.SZ,1
000690.SZ,1
000691.SZ,2
000692.SZ,2
000695.SZ,4
000697.SZ,2
000698.SZ,2
000700.SZ,2
000701.SZ,6
000702.SZ,2
000703.SZ,1
000705.SZ,1
000707.SZ,1
000708.SZ,1
000709.SZ,1
000710.SZ,0
000711.SZ,2
000712.SZ,2
000713.SZ,2
000715.SZ,0
000716.SZ,1
000717.SZ,1
000718.SZ,0
000719.SZ,0
000720.SZ,0
000721.SZ,1
000722.SZ,1
000723.SZ,1
000725.SZ,1
000726.SZ,1
000727.SZ,2
000728.SZ,2
000729.SZ,0
000731.SZ,0
000733.SZ,0
000735.SZ,1
000736.SZ,3
000737.SZ,1
000738.SZ,0
000739.SZ,0
000750.SZ,2
000751.SZ,2
000752.SZ,0
000753.SZ,1
000755.SZ,1
000756.SZ,1
000757.SZ,0
000758.SZ,2
000759.SZ,1
000761.SZ,1
000762.SZ,1
000766.SZ,1
000767.SZ,1
000768.SZ,2
000776.SZ,2
000777.SZ,0
000778.SZ,1
000779.SZ,0
000782.SZ,2
000783.SZ,2
000785.SZ,1
000786.SZ,0
000788.SZ,0
000789.SZ,1
000790.SZ,2
000791.SZ,1
000792.SZ,0
000793.SZ,2
000795.SZ,0
000796.SZ,2
000797.SZ,2
000798.SZ,1
000799.SZ,0
000800.SZ,2
000801.SZ,2
000802.SZ,2
000803.SZ,1
000807.SZ,1
000809.SZ,0
000810.SZ,0
000811.SZ,0
000812.SZ,1
000813.SZ,4
000815.SZ,1
000816.SZ,0
000818.SZ,1
000819.SZ,1
000820.SZ,2
000821.SZ,2
000822.SZ,2
000823.SZ,0
000825.SZ,1
000826.SZ,2
000828.SZ,1
000829.SZ,6
000830.SZ,6
000831.SZ,0
000833.SZ,1
000837.SZ,2
000838.SZ,2
000839.SZ,2
000848.SZ,0
000850.SZ,1
000852.SZ,2
000856.SZ,2
000858.SZ,6
000859.SZ,1
000860.SZ,0
000862.SZ,1
000863.SZ,0
000868.SZ,2
000869.SZ,0
000875.SZ,1
000876.SZ,1
000877.SZ,1
000878.SZ,6
000880.SZ,2
000881.SZ,2
000882.SZ,1
000883.SZ,1
000885.SZ,1
000886.SZ,0
000887.SZ,0
000888.SZ,1
000889.SZ,2
000890.SZ,2
000892.SZ,0
000893.SZ,1
000895.SZ,2
000897.SZ,0
000898.SZ,1
000899.SZ,1
000900.SZ,1
000901.SZ,0
000902.SZ,1
000903.SZ,2
000905.SZ,6
000906.SZ,6
000908.SZ,2
000909.SZ,2
000910.SZ,0
000911.SZ,2
000912.SZ,0
000913.SZ,0
000915.SZ,0
000917.SZ,1
000919.SZ,0
000920.SZ,0
000921.SZ,6
000922.SZ,0
000923.SZ,1
000925.SZ,2
000926.SZ,2
000927.SZ,2
000928.SZ,2
000929.SZ,0
000930.SZ,1
000931.SZ,1
000932.SZ,2
000933.SZ,1
000935.SZ,1
000936.SZ,0
000937.SZ,1
000938.SZ,2
000948.SZ,2
000949.SZ,1
000950.SZ,6
000951.SZ,6
000952.SZ,1
000953.SZ,0
000955.SZ,0
000957.SZ,2
000958.SZ,1
000959.SZ,1
000960.SZ,1
000962.SZ,1
000963.SZ,0
000965.SZ,2
000966.SZ,1
000967.SZ,1
000968.SZ,1
000969.SZ,0
000970.SZ,0
000972.SZ,2
000973.SZ,1
000975.SZ,1
000977.SZ,6
000978.SZ,1
000980.SZ,2
000981.SZ,1
000983.SZ,1
000985.SZ,1
000987.SZ,1
000988.SZ,0
000989.SZ,0
000990.SZ,1
000993.SZ,1
000995.SZ,2
000997.SZ,0
000998.SZ,2
000999.SZ,0
001201.SZ,1
001202.SZ,1
001203.SZ,1
001205.SZ,1
001206.SZ,0
001207.SZ,0
001208.SZ,0
001209.SZ,0
001210.SZ,0
001211.SZ,2
001212.SZ,1
001213.SZ,0
001215.SZ,1
001216.SZ,0
001217.SZ,1
001218.SZ,6
001219.SZ,0
001221.SZ,0
001222.SZ,0
001223.SZ,0
001225.SZ,0
001226.SZ,0
001227.SZ,2
001228.SZ,6
001229.SZ,0
001230.SZ,0
001231.SZ,1
001233.SZ,0
001234.SZ,0
001236.SZ,2
001238.SZ,0
001239.SZ,2
001255.SZ,1
001256.SZ,0
001258.SZ,1
001259.SZ,0
001260.SZ,0
001266.SZ,0
001267.SZ,2
001268.SZ,1
001269.SZ,2
001270.SZ,0
001277.SZ,0
001278.SZ,2
001279.SZ,0
001280.SZ,2
001282.SZ,2
001283.SZ,6
001285.SZ,0
001286.SZ,1
001287.SZ,6
001288.SZ,2
001289.SZ,1
001296.SZ,0
001298.SZ,6
001299.SZ,0
001300.SZ,0
001301.SZ,6
001306.SZ,1
001308.SZ,0
001309.SZ,2
001311.SZ,0
001313.SZ,2
001314.SZ,0
001316.SZ,0
001317.SZ,1
001318.SZ,0
001319.SZ,0
001322.SZ,1
001323.SZ,0
001324.SZ,0
001325.SZ,0
001326.SZ,0
001328.SZ,0
001330.SZ,1
001331.SZ,0
001332.SZ,0
001333.SZ,0
001335.SZ,2
001336.SZ,0
001337.SZ,1
001338.SZ,0
001339.SZ,0
001356.SZ,1
001358.SZ,0
001359.SZ,0
001360.SZ,0
001366.SZ,2
001367.SZ,0
001368.SZ,0
001373.SZ,0
001376.SZ,1
001378.SZ,0
001379.SZ,0
001380.SZ,0
001382.SZ,0
001386.SZ,0
001387.SZ,0
001388.SZ,0
001389.SZ,2
001390.SZ,0
001391.SZ,1
001395.SZ,0
001400.SZ,0
001696.SZ,1
001872.SZ,1
001896.SZ,1
001914.SZ,2
001965.SZ,1
001979.SZ,5
002001.SZ,1
002003.SZ,0
002004.SZ,1
002005.SZ,2
002006.SZ,0
002007.SZ,0
002008.SZ,0
002009.SZ,2
002010.SZ,1
002011.SZ,0
002012.SZ,0
002014.SZ,0
002015.SZ,1
002016.SZ,0
002017.SZ,0
002019.SZ,1
002020.SZ,1
002021.SZ,0
002022.SZ,0
002023.SZ,1
002024.SZ,2
002025.SZ,0
002026.SZ,0
002027.SZ,0
002028.SZ,0
002029.SZ,0
002030.SZ,0
002031.SZ,2
002032.SZ,2
002033.SZ,0
002034.SZ,1
002035.SZ,0
002037.SZ,2
002038.SZ,0
002039.SZ,1
002040.SZ,1
002041.SZ,0
002042.SZ,2
002043.SZ,2
002044.SZ,1
002045.SZ,2
002046.SZ,2
002047.SZ,2
002048.SZ,2
002049.SZ,0
002050.SZ,0
002051.SZ,0
002052.SZ,0
002053.SZ,1
002054.SZ,1
002055.SZ,2
002056.SZ,2
002057.SZ,0
002058.SZ,1
002059.SZ,1
002060.SZ,2
002061.SZ,2
002062.SZ,2
002063.SZ,0
002064.SZ,0
002065.SZ,0
002066.SZ,2
002067.SZ,1
002068.SZ,2
002069.SZ,2
002072.SZ,2
002073.SZ,2
002074.SZ,1
002075.SZ,2
002076.SZ,2
002077.SZ,1
002078.SZ,1
002079.SZ,0
002080.SZ,1
002081.SZ,0
002082.SZ,1
002083.SZ,0
002084.SZ,2
002085.SZ,1
002086.SZ,1
002088.SZ,0
002090.SZ,0
002091.SZ,0
002092.SZ,1
002093.SZ,0
002094.SZ,0
002095.SZ,0
002096.SZ,0
002097.SZ,2
002098.SZ,0
002099.SZ,0
002100.SZ,1
002101.SZ,0
002102.SZ,2
002103.SZ,0
002104.SZ,0
002105.SZ,2
002106.SZ,1
002107.SZ,0
002108.SZ,1
002109.SZ,1
002110.SZ,1
002111.SZ,2
002112.SZ,2
002114.SZ,1
002115.SZ,2
002116.SZ,0
002117.SZ,0
002119.SZ,0
002120.SZ,1
002121.SZ,2
002122.SZ,0
002123.SZ,0
002124.SZ,1
002125.SZ,1
002126.SZ,2
002127.SZ,0
002128.SZ,1
002129.SZ,1
002130.SZ,2
002131.SZ,2
002132.SZ,2
002133.SZ,2
002134.SZ,1
002135.SZ,2
002136.SZ,0
002137.SZ,0
002138.SZ,1
002139.SZ,2
002140.SZ,2
002141.SZ,2
002142.SZ,2
002144.SZ,0
002145.SZ,0
002146.SZ,2
002148.SZ,0
002149.SZ,0
002150.SZ,2
002151.SZ,0
002152.SZ,0
002153.SZ,0
002154.SZ,0
002155.SZ,6
002156.SZ,1
002157.SZ,1
002158.SZ,0
002159.SZ,1
002160.SZ,2
002161.SZ,1
002162.SZ,1
002163.SZ,2
002164.SZ,2
002165.SZ,2
002167.SZ,0
002168.SZ,2
002169.SZ,1
002170.SZ,1
002171.SZ,6
002172.SZ,2
002173.SZ,1
002174.SZ,0
002176.SZ,2
002177.SZ,1
002178.SZ,2
002179.SZ,0
002180.SZ,1
002181.SZ,1
002182.SZ,1
002183.SZ,2
002184.SZ,2
002185.SZ,1
002186.SZ,1
002187.SZ,1
002188.SZ,0
002189.SZ,2
002190.SZ,1
002191.SZ,0
002192.SZ,0
002193.SZ,2
002194.SZ,0
002195.SZ,0
002196.SZ,1
002197.SZ,1
002198.SZ,2
002199.SZ,2
002200.SZ,2
002201.SZ,2
002202.SZ,1
002203.SZ,6
002204.SZ,2
002205.SZ,2
002206.SZ,2
002207.SZ,2
002208.SZ,2
002209.SZ,2
002210.SZ,1
002212.SZ,0
002213.SZ,0
002214.SZ,0
002215.SZ,2
002216.SZ,2
002217.SZ,0
002218.SZ,1
002219.SZ,1
002221.SZ,2
002222.SZ,1
002223.SZ,0
002224.SZ,0
002225.SZ,2
002226.SZ,1
002227.SZ,1
002228.SZ,2
002229.SZ,2
002230.SZ,2
002232.SZ,0
002233.SZ,0
002234.SZ,2
002235.SZ,0
002236.SZ,0
002237.SZ,6
002238.SZ,2
002239.SZ,2
002240.SZ,1
002241.SZ,2
002242.SZ,0
002243.SZ,1
002244.SZ,2
002245.SZ,0
002246.SZ,0
002247.SZ,0
002248.SZ,2
002249.SZ,0
002250.SZ,1
002251.SZ,1
002252.SZ,1
002253.SZ,0
002254.SZ,1
002255.SZ,0
002256.SZ,1
002258.SZ,1
002259.SZ,1
002261.SZ,0
002262.SZ,0
002263.SZ,0
002264.SZ,0
002265.SZ,2
002266.SZ,2
002267.SZ,1
002268.SZ,0
002269.SZ,2
002270.SZ,0
002271.SZ,2
002272.SZ,2
002273.SZ,0
002274.SZ,1
002275.SZ,0
002276.SZ,2
002277.SZ,1
002278.SZ,0
002279.SZ,0
002281.SZ,0
002282.SZ,0
002283.SZ,0
002284.SZ,2
002285.SZ,0
002286.SZ,1
002287.SZ,0
002289.SZ,2
002290.SZ,0
002291.SZ,1
002292.SZ,0
002293.SZ,0
002294.SZ,1
002295.SZ,2
002296.SZ,0
002297.SZ,0
002298.SZ,2
002299.SZ,1
002300.SZ,2
002301.SZ,2
002302.SZ,2
002303.SZ,0
002304.SZ,0
002305.SZ,2
002306.SZ,2
002307.SZ,1
002309.SZ,2
002310.SZ,1
002311.SZ,6
002312.SZ,1
002313.SZ,3
002314.SZ,1
002315.SZ,0
002316.SZ,2
002317.SZ,0
002318.SZ,0
002319.SZ,2
002320.SZ,1
002321.SZ,1
002322.SZ,0
002323.SZ,2
002324.SZ,2
002326.SZ,2
002327.SZ,0
002328.SZ,0
002329.SZ,2
002330.SZ,2
002331.SZ,0
002332.SZ,0
002333.SZ,0
002334.SZ,2
002335.SZ,2
002337.SZ,0
002338.SZ,0
002339.SZ,0
002340.SZ,1
002342.SZ,2
002343.SZ,0
002344.SZ,1
002345.SZ,0
002346.SZ,1
002347.SZ,2
002348.SZ,2
002349.SZ,0
002350.SZ,0
002351.SZ,0
002352.SZ,6
002353.SZ,0
002354.SZ,0
002355.SZ,1
002356.SZ,0
002357.SZ,1
002358.SZ,0
002360.SZ,1
002361.SZ,2
002362.SZ,0
002363.SZ,0
002364.SZ,0
002365.SZ,0
002366.SZ,1
002367.SZ,0
002368.SZ,2
002369.SZ,2
002370.SZ,0
002371.SZ,6
002372.SZ,0
002373.SZ,0
002374.SZ,2
002375.SZ,0
002376.SZ,0
002377.SZ,2
002378.SZ,2
002379.SZ,2
002380.SZ,0
002381.SZ,1
002382.SZ,1
002383.SZ,0
002384.SZ,2
002385.SZ,1
002386.SZ,1
002387.SZ,2
002388.SZ,2
002389.SZ,0
002390.SZ,0
002391.SZ,1
002392.SZ,0
002393.SZ,0
002394.SZ,0
002395.SZ,2
002396.SZ,0
002397.SZ,2
002398.SZ,0
002399.SZ,0
002400.SZ,2
002401.SZ,0
002402.SZ,2
002403.SZ,2
002404.SZ,0
002405.SZ,0
002406.SZ,0
002407.SZ,1
002408.SZ,1
002409.SZ,1
002410.SZ,0
002412.SZ,0
002413.SZ,0
002414.SZ,0
002415.SZ,0
002416.SZ,6
002418.SZ,2
002419.SZ,1
002420.SZ,2
002421.SZ,2
002422.SZ,0
002423.SZ,1
002424.SZ,2
002425.SZ,1
002426.SZ,2
002427.SZ,1
002428.SZ,1
002429.SZ,0
002430.SZ,1
002431.SZ,2
002432.SZ,0
002434.SZ,2
002436.SZ,1
002437.SZ,1
002438.SZ,0
002439.SZ,0
002440.SZ,0
002441.SZ,0
002442.SZ,1
002443.SZ,0
002444.SZ,0
002445.SZ,0
002446.SZ,0
002448.SZ,1
002449.SZ,0
002451.SZ,2
002452.SZ,0
002453.SZ,0
002454.SZ,0
002455.SZ,1
002456.SZ,2
002457.SZ,0
002458.SZ,1
002459.SZ,2
002460.SZ,1
002461.SZ,0
002462.SZ,6
002463.SZ,2
002465.SZ,0
002466.SZ,1
002467.SZ,0
002468.SZ,6
002469.SZ,0
002470.SZ,2
002471.SZ,2
002472.SZ,0
002474.SZ,0
002475.SZ,6
002476.SZ,0
002478.SZ,0
002479.SZ,1
002480.SZ,1
002481.SZ,2
002482.SZ,1
002483.SZ,2
002484.SZ,0
002485.SZ,2
002486.SZ,0
002487.SZ,0
002488.SZ,1
002489.SZ,0
002490.SZ,2
002491.SZ,2
002492.SZ,1
002493.SZ,1
002494.SZ,1
002495.SZ,1
002496.SZ,1
002497.SZ,0
002498.SZ,0
002500.SZ,2
002501.SZ,1
002506.SZ,2
002507.SZ,0
002508.SZ,0
002510.SZ,2
002511.SZ,0
002512.SZ,2
002513.SZ,2
002514.SZ,2
002515.SZ,0
002516.SZ,0
002517.SZ,1
002518.SZ,0
002519.SZ,0
002520.SZ,2
002521.SZ,0
002522.SZ,0
002523.SZ,0
002524.SZ,1
002526.SZ,0
002527.SZ,2
002528.SZ,2
002529.SZ,2
002530.SZ,0
002531.SZ,1
002532.SZ,1
002533.SZ,2
002534.SZ,2
002535.SZ,2
002536.SZ,0
002537.SZ,2
002538.SZ,0
002539.SZ,1
002540.SZ,1
002541.SZ,2
002542.SZ,2
002543.SZ,0
002544.SZ,0
002545.SZ,1
002546.SZ,0
002547.SZ,2
002548.SZ,1
002549.SZ,0
002550.SZ,0
002551.SZ,0
002552.SZ,2
002553.SZ,0
002554.SZ,2
002555.SZ,0
002556.SZ,2
002557.SZ,0
002558.SZ,0
002559.SZ,2
002560.SZ,2
002561.SZ,0
002562.SZ,1
002563.SZ,0
002564.SZ,2
002565.SZ,0
002566.SZ,0
002567.SZ,1
002568.SZ,1
002569.SZ,2
002570.SZ,2
002571.SZ,1
002572.SZ,2
002573.SZ,1
002574.SZ,2
002575.SZ,1
002576.SZ,0
002577.SZ,0
002578.SZ,0
002579.SZ,1
002580.SZ,0
002581.SZ,0
002582.SZ,1
002583.SZ,2
002584.SZ,2
002585.SZ,0
002586.SZ,2
002587.SZ,0
002588.SZ,1
002589.SZ,2
002590.SZ,0
002591.SZ,0
002592.SZ,0
002593.SZ,2
002594.SZ,3
002595.SZ,0
002596.SZ,2
002597.SZ,1
002598.SZ,2
002599.SZ,2
002600.SZ,2
002601.SZ,1
002602.SZ,1
002603.SZ,0
002605.SZ,1
002606.SZ,0
002607.SZ,1
002608.SZ,1
002609.SZ,1
002611.SZ,0
002612.SZ,1
002613.SZ,0
002614.SZ,0
002615.SZ,1
002616.SZ,1
002617.SZ,1
002620.SZ,2
002622.SZ,1
002623.SZ,0
002624.SZ,0
002625.SZ,0
002626.SZ,1
002627.SZ,1
002628.SZ,1
002629.SZ,2
002630.SZ,2
002631.SZ,0
002632.SZ,0
002633.SZ,0
002634.SZ,2
002635.SZ,0
002636.SZ,0
002637.SZ,6
002638.SZ,0
002639.SZ,2
002640.SZ,2
002641.SZ,0
002642.SZ,2
002643.SZ,1
002644.SZ,0
002645.SZ,2
002646.SZ,0
002647.SZ,2
002648.SZ,1
002649.SZ,0
002650.SZ,1
002651.SZ,0
002652.SZ,2
002653.SZ,1
002654.SZ,2
002655.SZ,2
002656.SZ,2
002657.SZ,0
002658.SZ,0
002659.SZ,1
002660.SZ,0
002661.SZ,1
002662.SZ,0
002663.SZ,0
002664.SZ,2
002666.SZ,0
002667.SZ,2
002668.SZ,2
002669.SZ,2
002670.SZ,2
002671.SZ,0
002672.SZ,1
002673.SZ,2
002674.SZ,0
002675.SZ,1
002676.SZ,2
002677.SZ,0
002678.SZ,0
002679.SZ,2
002681.SZ,1
002682.SZ,2
002683.SZ,1
002685.SZ,0
002686.SZ,0
002687.SZ,0
002688.SZ,1
002689.SZ,0
002690.SZ,0
002691.SZ,0
002692.SZ,2
002693.SZ,1
002694.SZ,2
002695.SZ,0
002696.SZ,2
002697.SZ,2
002698.SZ,0
002700.SZ,0
002701.SZ,1
002702.SZ,2
002703.SZ,0
002705.SZ,0
002706.SZ,0
002707.SZ,2
002708.SZ,2
002709.SZ,1
002712.SZ,2
002713.SZ,2
002714.SZ,1
002715.SZ,1
002716.SZ,1
002717.SZ,2
002718.SZ,0
002719.SZ,2
002721.SZ,0
002722.SZ,0
002723.SZ,2
002724.SZ,0
002725.SZ,0
002726.SZ,1
002727.SZ,2
002728.SZ,0
002729.SZ,0
002730.SZ,0
002731.SZ,2
002732.SZ,1
002733.SZ,0
002734.SZ,1
002735.SZ,2
002736.SZ,2
002737.SZ,0
002738.SZ,1
002739.SZ,1
002741.SZ,0
002742.SZ,2
002743.SZ,2
002745.SZ,0
002746.SZ,0
002747.SZ,2
002748.SZ,1
002749.SZ,0
002752.SZ,2
002753.SZ,1
002755.SZ,0
002756.SZ,0
002757.SZ,1
002758.SZ,6
002759.SZ,2
002760.SZ,0
002761.SZ,6
002762.SZ,0
002763.SZ,0
002765.SZ,2
002766.SZ,0
002767.SZ,0
002768.SZ,6
002769.SZ,0
002771.SZ,0
002772.SZ,1
002773.SZ,0
002774.SZ,0
002775.SZ,2
002777.SZ,0
002778.SZ,0
002779.SZ,2
002780.SZ,2
002782.SZ,2
002783.SZ,1
002785.SZ,0
002786.SZ,2
002787.SZ,0
002788.SZ,6
002790.SZ,0
002791.SZ,0
002792.SZ,0
002793.SZ,2
002795.SZ,2
002796.SZ,2
002797.SZ,2
002798.SZ,1
002799.SZ,0
002800.SZ,0
002801.SZ,0
002802.SZ,0
002803.SZ,2
002805.SZ,1
002806.SZ,2
002807.SZ,2
002809.SZ,1
002810.SZ,1
002811.SZ,0
002812.SZ,1
002813.SZ,2
002815.SZ,0
002816.SZ,7
002817.SZ,0
002818.SZ,0
002819.SZ,0
002820.SZ,0
002821.SZ,0
002822.SZ,2
002823.SZ,1
002824.SZ,2
002825.SZ,0
002826.SZ,0
002827.SZ,2
002828.SZ,2
002829.SZ,0
002830.SZ,0
002831.SZ,0
002832.SZ,0
002833.SZ,1
002835.SZ,0
002836.SZ,0
002837.SZ,2
002838.SZ,2
002839.SZ,2
002840.SZ,1
002841.SZ,6
002842.SZ,2
002843.SZ,1
002845.SZ,2
002846.SZ,1
002847.SZ,1
002849.SZ,0
002850.SZ,6
002851.SZ,2
002852.SZ,2
002853.SZ,0
002855.SZ,2
002856.SZ,2
002857.SZ,0
002858.SZ,0
002859.SZ,1
002860.SZ,0
002861.SZ,1
002862.SZ,4
002863.SZ,2
002864.SZ,0
002865.SZ,1
002866.SZ,2
002867.SZ,0
002868.SZ,1
002869.SZ,0
002870.SZ,6
002871.SZ,0
002872.SZ,1
002873.SZ,1
002875.SZ,0
002876.SZ,2
002877.SZ,2
002878.SZ,0
002879.SZ,0
002880.SZ,1
002881.SZ,0
002882.SZ,2
002883.SZ,0
002884.SZ,0
002885.SZ,2
002886.SZ,2
002887.SZ,1
002888.SZ,0
002889.SZ,0
002890.SZ,0
002891.SZ,1
002892.SZ,2
002893.SZ,2
002895.SZ,1
002896.SZ,1
002897.SZ,6
002898.SZ,2
002899.SZ,1
002900.SZ,1
002901.SZ,0
002902.SZ,2
002903.SZ,0
002905.SZ,1
002906.SZ,0
002907.SZ,0
002908.SZ,0
002909.SZ,2
002910.SZ,1
002911.SZ,1
002912.SZ,0
002913.SZ,2
002915.SZ,1
002916.SZ,6
002917.SZ,0
002918.SZ,1
002919.SZ,0
002920.SZ,6
002921.SZ,0
002922.SZ,2
002923.SZ,1
002925.SZ,1
002926.SZ,2
002927.SZ,0
002928.SZ,1
002929.SZ,6
002930.SZ,1
002932.SZ,0
002933.SZ,0
002935.SZ,0
002936.SZ,2
002937.SZ,1
002938.SZ,0
002939.SZ,2
002940.SZ,0
002941.SZ,1
002942.SZ,0
002943.SZ,1
002945.SZ,2
002946.SZ,1
002947.SZ,0
002948.SZ,2
002949.SZ,2
002950.SZ,1
002951.SZ,0
002952.SZ,0
002953.SZ,2
002955.SZ,0
002956.SZ,0
002957.SZ,0
002958.SZ,2
002959.SZ,0
002960.SZ,0
002961.SZ,2
002962.SZ,0
002963.SZ,0
002965.SZ,0
002966.SZ,2
002967.SZ,1
002968.SZ,0
002969.SZ,1
002970.SZ,0
002971.SZ,1
002972.SZ,0
002973.SZ,1
002975.SZ,0
002976.SZ,2
002977.SZ,0
002978.SZ,1
002979.SZ,0
002980.SZ,0
002981.SZ,0
002982.SZ,1
002983.SZ,0
002984.SZ,1
002985.SZ,0
002986.SZ,1
002987.SZ,0
002988.SZ,2
002989.SZ,0
002990.SZ,0
002991.SZ,1
002992.SZ,2
002993.SZ,0
002995.SZ,0
002996.SZ,2
002997.SZ,0
002998.SZ,1
002999.SZ,2
003000.SZ,0
003001.SZ,0
003002.SZ,1
003003.SZ,0
003004.SZ,1
003005.SZ,0
003006.SZ,0
003007.SZ,1
003008.SZ,0
003009.SZ,0
003010.SZ,2
003011.SZ,0
003012.SZ,0
003013.SZ,0
003015.SZ,0
003016.SZ,0
003017.SZ,0
003018.SZ,1
003019.SZ,0
003020.SZ,0
003021.SZ,0
003022.SZ,1
003023.SZ,0
003025.SZ,0
003026.SZ,1
003027.SZ,0
003028.SZ,0
003029.SZ,0
003030.SZ,1
003031.SZ,0
003032.SZ,0
003033.SZ,1
003035.SZ,1
003036.SZ,0
003037.SZ,2
003038.SZ,2
003039.SZ,1
003040.SZ,0
003041.SZ,1
003042.SZ,2
003043.SZ,0
003816.SZ,1
300001.SZ,2
300002.SZ,0
300003.SZ,1
300004.SZ,0
300005.SZ,0
300006.SZ,0
300007.SZ,0
300008.SZ,2
300009.SZ,0
300010.SZ,0
300011.SZ,2
300012.SZ,1
300013.SZ,2
300014.SZ,1
300015.SZ,1
300016.SZ,1
300017.SZ,0
300018.SZ,0
300019.SZ,0
300020.SZ,0
300021.SZ,2
300022.SZ,2
300024.SZ,2
300025.SZ,0
300026.SZ,0
300027.SZ,2
300030.SZ,0
300031.SZ,0
300032.SZ,2
300033.SZ,0
300034.SZ,0
300035.SZ,2
300036.SZ,0
300037.SZ,1
300039.SZ,1
300040.SZ,1
300041.SZ,2
300042.SZ,0
300043.SZ,1
300044.SZ,2
300045.SZ,0
300046.SZ,0
300047.SZ,0
300048.SZ,2
300049.SZ,1
300050.SZ,0
300051.SZ,1
300052.SZ,1
300053.SZ,0
300054.SZ,1
300055.SZ,1
300056.SZ,2
300057.SZ,2
300058.SZ,2
300059.SZ,5
300061.SZ,2
300062.SZ,2
300063.SZ,2
300065.SZ,0
300066.SZ,0
300067.SZ,0
300068.SZ,2
300069.SZ,2
300070.SZ,1
300071.SZ,2
300072.SZ,0
300073.SZ,0
300074.SZ,0
300075.SZ,0
300076.SZ,0
300077.SZ,2
300078.SZ,1
300079.SZ,0
300080.SZ,2
300081.SZ,2
300082.SZ,2
300083.SZ,2
300084.SZ,0
300085.SZ,2
300086.SZ,1
300087.SZ,2
300088.SZ,2
300091.SZ,2
300092.SZ,0
300093.SZ,2
300094.SZ,2
300095.SZ,0
300096.SZ,0
300097.SZ,2
300098.SZ,0
300099.SZ,0
300100.SZ,2
300101.SZ,0
300102.SZ,0
300103.SZ,0
300105.SZ,0
300106.SZ,2
300107.SZ,0
300109.SZ,1
300110.SZ,1
300111.SZ,0
300112.SZ,2
300113.SZ,0
300115.SZ,2
300118.SZ,1
300119.SZ,1
300120.SZ,0
300121.SZ,1
300122.SZ,0
300123.SZ,2
300124.SZ,0
300125.SZ,2
300126.SZ,0
300127.SZ,0
300128.SZ,2
300129.SZ,0
300130.SZ,0
300131.SZ,2
300132.SZ,0
300133.SZ,0
300134.SZ,0
300135.SZ,0
300136.SZ,1
300137.SZ,0
300138.SZ,0
300139.SZ,0
300140.SZ,1
300141.SZ,0
300142.SZ,0
300143.SZ,1
300144.SZ,1
300145.SZ,2
300146.SZ,0
300147.SZ,2
300148.SZ,1
300149.SZ,1
300150.SZ,0
300151.SZ,1
300152.SZ,2
300153.SZ,2
300154.SZ,0
300155.SZ,0
300157.SZ,2
300158.SZ,0
300159.SZ,2
300160.SZ,0
300161.SZ,2
300162.SZ,0
300163.SZ,0
300164.SZ,1
300165.SZ,2
300166.SZ,1
300167.SZ,2
300168.SZ,2
300169.SZ,2
300170.SZ,0
300171.SZ,0
300172.SZ,0
300173.SZ,2
300174.SZ,1
300175.SZ,0
300176.SZ,2
300177.SZ,0
300179.SZ,1
300180.SZ,1
300181.SZ,0
300182.SZ,0
300183.SZ,0
300184.SZ,0
300185.SZ,2
300187.SZ,1
300188.SZ,0
300189.SZ,1
300190.SZ,1
300191.SZ,1
300192.SZ,0
300193.SZ,0
300194.SZ,1
300195.SZ,1
300196.SZ,1
300197.SZ,2
300198.SZ,2
300199.SZ,1
300200.SZ,0
300201.SZ,0
300203.SZ,1
300204.SZ,1
300205.SZ,1
300206.SZ,0
300207.SZ,2
300209.SZ,0
300210.SZ,2
300211.SZ,0
300212.SZ,2
300213.SZ,0
300214.SZ,1
300215.SZ,1
300217.SZ,0
300218.SZ,0
300219.SZ,2
300220.SZ,2
300221.SZ,0
300222.SZ,2
300223.SZ,0
300224.SZ,0
300225.SZ,0
300226.SZ,6
300227.SZ,2
300228.SZ,0
300229.SZ,0
300230.SZ,0
300231.SZ,0
300232.SZ,2
300233.SZ,1
300234.SZ,0
300235.SZ,0
300236.SZ,1
300237.SZ,2
300238.SZ,1
300239.SZ,1
300240.SZ,2
300241.SZ,0
300242.SZ,6
300243.SZ,1
300244.SZ,0
300245.SZ,0
300246.SZ,1
300247.SZ,0
300248.SZ,0
300249.SZ,2
300250.SZ,0
300251.SZ,0
300252.SZ,2
300253.SZ,1
300254.SZ,1
300255.SZ,2
300256.SZ,2
300257.SZ,1
300258.SZ,0
300259.SZ,0
300260.SZ,2
300261.SZ,2
300263.SZ,0
300264.SZ,2
300265.SZ,0
300266.SZ,2
300267.SZ,0
300268.SZ,2
300269.SZ,2
300270.SZ,0
300271.SZ,0
300272.SZ,2
300274.SZ,6
300275.SZ,0
300276.SZ,0
300277.SZ,0
300278.SZ,0
300279.SZ,0
300281.SZ,0
300283.SZ,1
300284.SZ,0
300285.SZ,0
300286.SZ,0
300287.SZ,2
300288.SZ,0
300289.SZ,0
300290.SZ,0
300292.SZ,0
300293.SZ,1
300294.SZ,0
300295.SZ,0
300296.SZ,0
300298.SZ,1
300299.SZ,2
300300.SZ,2
300301.SZ,2
300302.SZ,1
300303.SZ,0
300304.SZ,0
300305.SZ,1
300306.SZ,0
300307.SZ,0
300308.SZ,6
300310.SZ,0
300311.SZ,2
300313.SZ,2
300314.SZ,0
300315.SZ,0
300316.SZ,0
300317.SZ,1
300318.SZ,1
300319.SZ,0
300320.SZ,0
300321.SZ,0
300322.SZ,2
300323.SZ,1
300324.SZ,2
300326.SZ,0
300327.SZ,0
300328.SZ,2
300329.SZ,0
300331.SZ,0
300332.SZ,1
300333.SZ,0
300334.SZ,0
300335.SZ,0
300337.SZ,1
300338.SZ,2
300339.SZ,0
300340.SZ,2
300341.SZ,0
300342.SZ,0
300343.SZ,0
300345.SZ,1
300346.SZ,0
300347.SZ,1
300348.SZ,0
300349.SZ,0
300350.SZ,0
300351.SZ,2
300352.SZ,0
300353.SZ,2
300354.SZ,0
300355.SZ,2
300357.SZ,0
300358.SZ,2
300359.SZ,0
300360.SZ,0
300363.SZ,1
300364.SZ,2
300365.SZ,0
300366.SZ,0
300368.SZ,2
300369.SZ,2
300370.SZ,1
300371.SZ,0
300373.SZ,0
300374.SZ,2
300375.SZ,0
300376.SZ,2
300377.SZ,0
300378.SZ,0
300380.SZ,2
300381.SZ,0
300382.SZ,1
300383.SZ,1
300384.SZ,0
300385.SZ,2
300386.SZ,0
300387.SZ,1
300388.SZ,1
300389.SZ,2
300390.SZ,1
300393.SZ,2
300394.SZ,0
300395.SZ,0
300396.SZ,0
300397.SZ,1
300398.SZ,0
300399.SZ,0
300400.SZ,0
300401.SZ,1
300402.SZ,0
300403.SZ,0
300404.SZ,0
300405.SZ,2
300406.SZ,1
300407.SZ,0
300408.SZ,0
300409.SZ,0
300410.SZ,2
300411.SZ,0
300412.SZ,2
300413.SZ,0
300414.SZ,0
300415.SZ,2
300416.SZ,0
300417.SZ,0
300418.SZ,1
300419.SZ,0
300420.SZ,0
300421.SZ,0
300422.SZ,2
300423.SZ,0
300424.SZ,2
300425.SZ,0
300426.SZ,2
300427.SZ,0
300428.SZ,6
300429.SZ,1
300430.SZ,0
300432.SZ,2
300433.SZ,1
300434.SZ,0
300435.SZ,0
300436.SZ,1
300437.SZ,1
300438.SZ,2
300439.SZ,0
300440.SZ,0
300441.SZ,0
300442.SZ,1
300443.SZ,0
300444.SZ,2
300445.SZ,1
300446.SZ,0
300447.SZ,0
300448.SZ,0
300449.SZ,2
300450.SZ,0
300451.SZ,0
300452.SZ,1
300453.SZ,1
300454.SZ,1
300455.SZ,0
300456.SZ,1
300457.SZ,0
300458.SZ,0
300459.SZ,1
300460.SZ,1
300461.SZ,0
300462.SZ,0
300463.SZ,1
300464.SZ,2
300465.SZ,0
300466.SZ,0
300467.SZ,0
300468.SZ,0
300469.SZ,2
300470.SZ,0
300471.SZ,2
300472.SZ,2
300473.SZ,1
300474.SZ,0
300475.SZ,6
300476.SZ,1
300477.SZ,2
300478.SZ,2
300479.SZ,2
300480.SZ,1
300481.SZ,0
300482.SZ,1
300483.SZ,1
300484.SZ,0
300485.SZ,1
300487.SZ,0
300488.SZ,1
300489.SZ,2
300490.SZ,2
300491.SZ,0
300492.SZ,2
300493.SZ,0
300494.SZ,0
300496.SZ,0
300497.SZ,1
300498.SZ,1
300499.SZ,0
300500.SZ,0
300501.SZ,1
300502.SZ,0
300503.SZ,2
300504.SZ,0
300505.SZ,0
300507.SZ,0
300508.SZ,0
300509.SZ,2
300510.SZ,0
300511.SZ,1
300512.SZ,0
300513.SZ,2
300514.SZ,0
300515.SZ,0
300516.SZ,0
300517.SZ,0
300518.SZ,1
300519.SZ,0
300520.SZ,2
300521.SZ,0
300522.SZ,0
300523.SZ,2
300525.SZ,0
300527.SZ,0
300528.SZ,1
300529.SZ,1
300530.SZ,2
300531.SZ,0
300532.SZ,0
300533.SZ,0
300534.SZ,1
300535.SZ,0
300536.SZ,0
300537.SZ,0
300538.SZ,2
300539.SZ,0
300540.SZ,0
300541.SZ,2
300542.SZ,2
300543.SZ,0
300545.SZ,0
300546.SZ,0
300547.SZ,0
300548.SZ,0
300549.SZ,0
300550.SZ,0
300551.SZ,0
300552.SZ,0
300553.SZ,1
300554.SZ,0
300555.SZ,0
300556.SZ,2
300557.SZ,0
300558.SZ,1
300559.SZ,0
300560.SZ,2
300561.SZ,0
300562.SZ,0
300563.SZ,0
300564.SZ,0
300565.SZ,2
300566.SZ,0
300567.SZ,1
300568.SZ,1
300569.SZ,2
300570.SZ,0
300571.SZ,1
300572.SZ,0
300573.SZ,1
300575.SZ,2
300576.SZ,0
300577.SZ,2
300578.SZ,0
300579.SZ,0
300580.SZ,1
300581.SZ,0
300582.SZ,2
300583.SZ,0
300584.SZ,1
300585.SZ,0
300586.SZ,1
300587.SZ,2
300588.SZ,2
300589.SZ,2
300590.SZ,0
300591.SZ,2
300592.SZ,1
300593.SZ,2
300594.SZ,0
300595.SZ,0
300596.SZ,6
300597.SZ,0
300598.SZ,2
300599.SZ,0
300600.SZ,0
300601.SZ,1
300602.SZ,2
300603.SZ,0
300604.SZ,0
300605.SZ,2
300606.SZ,1
300607.SZ,0
300608.SZ,0
300609.SZ,0
300610.SZ,0
300611.SZ,2
300612.SZ,0
300613.SZ,0
300614.SZ,1
300615.SZ,0
300616.SZ,2
300617.SZ,0
300618.SZ,0
300619.SZ,2
300620.SZ,1
300621.SZ,2
300622.SZ,0
300623.SZ,0
300624.SZ,1
300625.SZ,0
300626.SZ,0
300627.SZ,0
300628.SZ,0
300629.SZ,0
300631.SZ,0
300632.SZ,0
300633.SZ,0
300634.SZ,0
300635.SZ,2
300636.SZ,1
300637.SZ,1
300638.SZ,0
300639.SZ,0
300640.SZ,2
300641.SZ,1
300642.SZ,1
300643.SZ,0
300644.SZ,2
300645.SZ,2
300647.SZ,2
300648.SZ,2
300649.SZ,0
300650.SZ,2
300651.SZ,0
300652.SZ,0
300653.SZ,0
300654.SZ,0
300655.SZ,1
300656.SZ,1
300657.SZ,2
300658.SZ,1
300659.SZ,0
300660.SZ,0
300661.SZ,0
300662.SZ,6
300663.SZ,1
300664.SZ,1
300665.SZ,2
300666.SZ,1
300667.SZ,0
300668.SZ,0
300669.SZ,0
300670.SZ,1
300671.SZ,0
300672.SZ,0
300673.SZ,1
300674.SZ,0
300675.SZ,2
300676.SZ,0
300677.SZ,0
300678.SZ,0
300679.SZ,0
300680.SZ,0
300681.SZ,2
300682.SZ,0
300683.SZ,0
300684.SZ,0
300685.SZ,0
300686.SZ,2
300687.SZ,0
300688.SZ,0
300689.SZ,0
300690.SZ,0
300691.SZ,2
300692.SZ,1
300693.SZ,0
300694.SZ,0
300695.SZ,0
300696.SZ,0
300697.SZ,0
300698.SZ,2
300699.SZ,0
300700.SZ,2
300701.SZ,1
300702.SZ,0
300703.SZ,1
300705.SZ,1
300706.SZ,2
300707.SZ,1
300708.SZ,0
300709.SZ,0
300710.SZ,0
300711.SZ,0
300712.SZ,2
300713.SZ,2
300715.SZ,2
300716.SZ,2
300717.SZ,0
300718.SZ,0
300719.SZ,0
300720.SZ,0
300721.SZ,1
300722.SZ,0
300723.SZ,1
300724.SZ,6
300725.SZ,0
300726.SZ,0
300727.SZ,0
300729.SZ,1
300730.SZ,2
300731.SZ,2
300732.SZ,0
300733.SZ,2
300735.SZ,2
300736.SZ,2
300737.SZ,2
300738.SZ,1
300739.SZ,1
300740.SZ,1
300741.SZ,0
300743.SZ,0
300745.SZ,0
300746.SZ,2
300747.SZ,0
300748.SZ,2
300749.SZ,1
300750.SZ,3
300751.SZ,6
300752.SZ,0
300753.SZ,0
300755.SZ,0
300756.SZ,0
300757.SZ,2
300758.SZ,1
300759.SZ,1
300760.SZ,6
300761.SZ,1
300762.SZ,0
300763.SZ,1
300765.SZ,0
300766.SZ,0
300767.SZ,0
300768.SZ,0
300769.SZ,1
300770.SZ,0
300771.SZ,0
300772.SZ,2
300773.SZ,2
300774.SZ,0
300775.SZ,0
300776.SZ,0
300777.SZ,0
300778.SZ,0
300779.SZ,1
300780.SZ,1
300781.SZ,0
300782.SZ,1
300783.SZ,2
300784.SZ,0
300785.SZ,0
300786.SZ,0
300787.SZ,2
300788.SZ,0
300789.SZ,0
300790.SZ,1
300791.SZ,1
300792.SZ,0
300793.SZ,0
300795.SZ,0
300796.SZ,1
300797.SZ,1
300798.SZ,1
300800.SZ,0
300801.SZ,0
300802.SZ,0
300803.SZ,2
300804.SZ,0
300805.SZ,0
300806.SZ,1
300807.SZ,0
300808.SZ,1
300809.SZ,0
300810.SZ,0
300811.SZ,1
300812.SZ,0
300813.SZ,0
300814.SZ,0
300815.SZ,2
300816.SZ,2
300817.SZ,0
300818.SZ,1
300819.SZ,0
300820.SZ,0
300821.SZ,0
300822.SZ,0
300823.SZ,0
300824.SZ,0
300825.SZ,1
300826.SZ,0
300827.SZ,2
300828.SZ,0
300829.SZ,1
300830.SZ,0
300831.SZ,0
300832.SZ,0
300833.SZ,0
300834.SZ,0
300835.SZ,2
300836.SZ,2
300837.SZ,0
300838.SZ,2
300839.SZ,2
300840.SZ,0
300841.SZ,0
300842.SZ,6
300843.SZ,2
300844.SZ,0
300845.SZ,0
300846.SZ,1
300847.SZ,0
300848.SZ,1
300849.SZ,0
300850.SZ,0
300851.SZ,0
300852.SZ,1
300853.SZ,1
300854.SZ,0
300855.SZ,0
300856.SZ,1
300857.SZ,1
300858.SZ,0
300859.SZ,1
300860.SZ,0
300861.SZ,0
300862.SZ,0
300863.SZ,2
300864.SZ,0
300865.SZ,0
300866.SZ,6
300867.SZ,1
300868.SZ,0
300869.SZ,0
300870.SZ,6
300871.SZ,0
300872.SZ,0
300873.SZ,0
300875.SZ,0
300876.SZ,1
300877.SZ,0
300878.SZ,1
300879.SZ,2
300880.SZ,0
300881.SZ,2
300882.SZ,0
300883.SZ,1
300884.SZ,0
300885.SZ,0
300886.SZ,1
300887.SZ,0
300888.SZ,0
300889.SZ,0
300890.SZ,1
300891.SZ,1
300892.SZ,0
300893.SZ,2
300894.SZ,1
300895.SZ,0
300896.SZ,1
300897.SZ,0
300898.SZ,0
300899.SZ,0
300900.SZ,1
300901.SZ,0
300902.SZ,0
300903.SZ,2
300904.SZ,1
300905.SZ,0
300906.SZ,0
300907.SZ,0
300908.SZ,0
300909.SZ,1
300910.SZ,0
300911.SZ,1
300912.SZ,2
300913.SZ,0
300915.SZ,0
300916.SZ,0
300917.SZ,0
300918.SZ,0
300919.SZ,6
300920.SZ,0
300921.SZ,0
300922.SZ,0
300923.SZ,0
300925.SZ,0
300926.SZ,2
300927.SZ,1
300928.SZ,0
300929.SZ,1
300930.SZ,2
300931.SZ,0
300932.SZ,1
300933.SZ,0
300935.SZ,0
300936.SZ,0
300937.SZ,6
300938.SZ,0
300939.SZ,0
300940.SZ,0
300941.SZ,0
300942.SZ,1
300943.SZ,0
300945.SZ,0
300946.SZ,0
300947.SZ,1
300948.SZ,2
300949.SZ,0
300950.SZ,0
300951.SZ,0
300952.SZ,1
300953.SZ,6
300955.SZ,1
300956.SZ,2
300957.SZ,0
300958.SZ,0
300959.SZ,0
300960.SZ,0
300961.SZ,1
300962.SZ,1
300963.SZ,2
300964.SZ,0
300965.SZ,0
300966.SZ,1
300967.SZ,1
300968.SZ,0
300969.SZ,1
300970.SZ,1
300971.SZ,0
300972.SZ,6
300973.SZ,1
300975.SZ,2
300976.SZ,0
300977.SZ,0
300978.SZ,0
300979.SZ,0
300980.SZ,1
300981.SZ,0
300982.SZ,0
300983.SZ,0
300984.SZ,2
300985.SZ,2
300986.SZ,2
300987.SZ,0
300988.SZ,2
300989.SZ,0
300990.SZ,0
300991.SZ,2
300992.SZ,0
300993.SZ,0
300994.SZ,0
300995.SZ,1
300996.SZ,0
300997.SZ,2
300998.SZ,2
300999.SZ,6
301000.SZ,0
301001.SZ,0
301002.SZ,1
301003.SZ,0
301004.SZ,1
301005.SZ,0
301006.SZ,0
301007.SZ,0
301008.SZ,0
301009.SZ,0
301010.SZ,0
301011.SZ,0
301012.SZ,0
301013.SZ,2
301015.SZ,2
301016.SZ,0
301017.SZ,2
301018.SZ,2
301019.SZ,0
301020.SZ,0
301021.SZ,0
301022.SZ,0
301023.SZ,0
301024.SZ,0
301025.SZ,0
301026.SZ,2
301027.SZ,2
301028.SZ,1
301029.SZ,0
301030.SZ,2
301031.SZ,0
301032.SZ,0
301033.SZ,1
301035.SZ,6
301036.SZ,0
301037.SZ,2
301038.SZ,0
301039.SZ,0
301040.SZ,1
301041.SZ,0
301042.SZ,0
301043.SZ,0
301045.SZ,1
301046.SZ,0
301047.SZ,0
301048.SZ,0
301049.SZ,1
301050.SZ,0
301051.SZ,2
301052.SZ,0
301053.SZ,0
301055.SZ,0
301056.SZ,0
301057.SZ,1
301058.SZ,0
301059.SZ,1
301060.SZ,0
301061.SZ,0
301062.SZ,1
301063.SZ,0
301065.SZ,0
301066.SZ,1
301067.SZ,1
301068.SZ,2
301069.SZ,1
301070.SZ,0
301071.SZ,0
301072.SZ,0
301073.SZ,1
301075.SZ,1
301076.SZ,0
301077.SZ,0
301078.SZ,1
301079.SZ,2
301080.SZ,0
301081.SZ,1
301082.SZ,2
301083.SZ,0
301085.SZ,0
301086.SZ,0
301087.SZ,0
301088.SZ,0
301089.SZ,0
301090.SZ,2
301091.SZ,0
301092.SZ,0
301093.SZ,0
301095.SZ,0
301096.SZ,0
301097.SZ,1
301098.SZ,0
301099.SZ,6
301100.SZ,0
301101.SZ,0
301102.SZ,0
301103.SZ,0
301105.SZ,0
301106.SZ,0
301107.SZ,0
301108.SZ,0
301109.SZ,1
301110.SZ,0
301111.SZ,0
301112.SZ,0
301113.SZ,0
301115.SZ,0
301116.SZ,6
301117.SZ,0
301118.SZ,1
301119.SZ,0
301120.SZ,0
301121.SZ,0
301122.SZ,0
301123.SZ,0
301125.SZ,1
301126.SZ,2
301127.SZ,1
301128.SZ,2
301129.SZ,0
301130.SZ,1
301131.SZ,2
301132.SZ,0
301133.SZ,1
301135.SZ,0
301136.SZ,0
301137.SZ,0
301138.SZ,0
301139.SZ,0
301141.SZ,0
301148.SZ,0
301149.SZ,1
301150.SZ,0
301151.SZ,0
301152.SZ,0
301153.SZ,0
301155.SZ,0
301156.SZ,0
301157.SZ,0
301158.SZ,0
301159.SZ,0
301160.SZ,0
301161.SZ,0
301162.SZ,0
301163.SZ,1
301165.SZ,0
301166.SZ,0
301167.SZ,0
301168.SZ,0
301169.SZ,0
301170.SZ,0
301171.SZ,0
301172.SZ,0
301173.SZ,0
301175.SZ,1
301176.SZ,2
301177.SZ,0
301178.SZ,2
301179.SZ,0
301180.SZ,2
301181.SZ,0
301182.SZ,2
301183.SZ,0
301185.SZ,0
301186.SZ,0
301187.SZ,2
301188.SZ,1
301189.SZ,0
301190.SZ,0
301191.SZ,0
301192.SZ,1
301193.SZ,1
301195.SZ,0
301196.SZ,0
301197.SZ,0
301198.SZ,0
301199.SZ,0
301200.SZ,0
301201.SZ,0
301202.SZ,0
301203.SZ,0
301205.SZ,0
301206.SZ,0
301207.SZ,0
301208.SZ,0
301209.SZ,0
301210.SZ,0
301211.SZ,0
301212.SZ,0
301213.SZ,0
301215.SZ,1
301216.SZ,1
301217.SZ,2
301218.SZ,0
301219.SZ,0
301220.SZ,0
301221.SZ,0
301222.SZ,0
301223.SZ,0
301225.SZ,0
301226.SZ,0
301227.SZ,0
301228.SZ,0
301229.SZ,1
301230.SZ,1
301231.SZ,0
301232.SZ,2
301233.SZ,0
301234.SZ,0
301235.SZ,0
301236.SZ,2
301237.SZ,1
301238.SZ,0
301239.SZ,1
301246.SZ,0
301248.SZ,2
301251.SZ,0
301252.SZ,0
301255.SZ,0
301256.SZ,0
301257.SZ,0
301258.SZ,0
301259.SZ,1
301260.SZ,2
301261.SZ,0
301262.SZ,0
301263.SZ,0
301265.SZ,0
301266.SZ,0
301267.SZ,0
301268.SZ,2
301269.SZ,0
301270.SZ,0
301272.SZ,0
301273.SZ,0
301275.SZ,0
301276.SZ,0
301277.SZ,0
301278.SZ,0
301279.SZ,0
301280.SZ,0
301281.SZ,1
301282.SZ,2
301283.SZ,0
301285.SZ,2
301286.SZ,1
301287.SZ,0
301288.SZ,0
301289.SZ,0
301290.SZ,0
301291.SZ,0
301292.SZ,2
301293.SZ,1
301295.SZ,0
301296.SZ,1
301297.SZ,1
301298.SZ,1
301299.SZ,0
301300.SZ,0
301301.SZ,1
301302.SZ,0
301303.SZ,0
301305.SZ,1
301306.SZ,1
301307.SZ,1
301308.SZ,6
301309.SZ,0
301310.SZ,2
301311.SZ,0
301312.SZ,0
301313.SZ,2
301314.SZ,0
301315.SZ,0
301316.SZ,2
301317.SZ,0
301318.SZ,0
301319.SZ,0
301320.SZ,0
301321.SZ,2
301322.SZ,0
301323.SZ,0
301325.SZ,0
301326.SZ,2
301327.SZ,6
301328.SZ,0
301329.SZ,0
301330.SZ,0
301331.SZ,1
301332.SZ,0
301333.SZ,0
301335.SZ,2
301336.SZ,0
301337.SZ,0
301338.SZ,0
301339.SZ,0
301345.SZ,6
301348.SZ,0
301349.SZ,0
301353.SZ,0
301355.SZ,1
301356.SZ,0
301357.SZ,0
301358.SZ,6
301359.SZ,0
301360.SZ,0
301361.SZ,0
301362.SZ,0
301363.SZ,0
301365.SZ,0
301366.SZ,0
301367.SZ,0
301368.SZ,0
301369.SZ,0
301370.SZ,0
301371.SZ,0
301372.SZ,0
301373.SZ,0
301376.SZ,1
301377.SZ,0
301378.SZ,0
301379.SZ,0
301380.SZ,2
301381.SZ,2
301382.SZ,0
301383.SZ,0
301386.SZ,0
301387.SZ,0
301388.SZ,0
301389.SZ,0
301390.SZ,0
301391.SZ,0
301392.SZ,0
301393.SZ,0
301395.SZ,0
301396.SZ,1
301397.SZ,0
301398.SZ,0
301399.SZ,0
301408.SZ,2
301413.SZ,0
301418.SZ,0
301419.SZ,0
301421.SZ,0
301428.SZ,0
301429.SZ,0
301439.SZ,0
301446.SZ,0
301448.SZ,0
301456.SZ,0
301458.SZ,0
301459.SZ,0
301468.SZ,0
301469.SZ,0
301479.SZ,0
301486.SZ,0
301487.SZ,0
301488.SZ,0
301489.SZ,0
301491.SZ,0
301498.SZ,1
301499.SZ,0
301500.SZ,2
301501.SZ,1
301502.SZ,0
301503.SZ,0
301505.SZ,0
301507.SZ,0
301508.SZ,1
301509.SZ,0
301510.SZ,0
301511.SZ,2
301512.SZ,0
301515.SZ,0
301516.SZ,0
301517.SZ,0
301518.SZ,1
301519.SZ,2
301520.SZ,0
301522.SZ,2
301525.SZ,6
301526.SZ,1
301528.SZ,0
301529.SZ,0
301533.SZ,0
301535.SZ,0
301536.SZ,0
301538.SZ,0
301539.SZ,2
301548.SZ,0
301550.SZ,0
301551.SZ,0
301552.SZ,0
301555.SZ,2
301556.SZ,0
301557.SZ,0
301558.SZ,0
301559.SZ,0
301560.SZ,2
301563.SZ,6
301565.SZ,1
301566.SZ,1
301567.SZ,0
301568.SZ,0
301571.SZ,0
301575.SZ,0
301577.SZ,0
301578.SZ,0
301580.SZ,0
301581.SZ,0
301584.SZ,6
301585.SZ,0
301586.SZ,0
301587.SZ,1
301588.SZ,2
301589.SZ,6
301590.SZ,0
301591.SZ,0
301592.SZ,0
301595.SZ,0
301596.SZ,0
301598.SZ,0
301600.SZ,0
301601.SZ,0
301602.SZ,0
301603.SZ,0
301606.SZ,0
301607.SZ,2
301608.SZ,0
301609.SZ,0
301611.SZ,1
301613.SZ,2
301616.SZ,0
301617.SZ,0
301618.SZ,0
301622.SZ,0
301626.SZ,0
301628.SZ,0
301629.SZ,0
301630.SZ,6
301631.SZ,0
301632.SZ,0
301633.SZ,0
301636.SZ,0
301638.SZ,0
301656.SZ,2
301658.SZ,0
301662.SZ,0
301665.SZ,1
301668.SZ,0
301678.SZ,0
302132.SZ,7
600000.SH,2
600004.SH,1
600006.SH,0
600007.SH,1
600008.SH,1
600009.SH,1
600010.SH,1
600011.SH,1
600012.SH,1
600015.SH,2
600016.SH,2
600017.SH,1
600018.SH,1
600019.SH,1
600020.SH,1
600021.SH,1
600022.SH,1
600023.SH,1
600025.SH,1
600026.SH,1
600027.SH,1
600028.SH,1
600029.SH,1
600030.SH,2
600031.SH,0
600032.SH,1
600033.SH,1
600035.SH,1
600036.SH,3
600037.SH,0
600038.SH,2
600039.SH,2
600048.SH,5
600050.SH,1
600051.SH,0
600052.SH,0
600053.SH,0
600054.SH,1
600055.SH,0
600056.SH,2
600057.SH,6
600058.SH,6
600059.SH,0
600060.SH,6
600061.SH,2
600062.SH,1
600063.SH,1
600064.SH,1
600066.SH,2
600067.SH,2
600071.SH,2
600072.SH,2
600073.SH,2
600075.SH,1
600076.SH,2
600078.SH,1
600079.SH,0
600080.SH,0
600081.SH,0
600082.SH,7
600084.SH,0
600085.SH,0
600088.SH,2
600089.SH,1
600094.SH,0
600095.SH,2
600096.SH,1
600097.SH,1
600098.SH,1
600099.SH,2
600100.SH,1
600101.SH,1
600103.SH,0
600104.SH,6
600105.SH,2
600106.SH,1
600107.SH,0
600108.SH,1
600109.SH,2
600110.SH,1
600111.SH,0
600113.SH,0
600114.SH,1
600115.SH,1
600116.SH,1
600117.SH,1
600118.SH,0
600119.SH,0
600120.SH,1
600121.SH,2
600123.SH,1
600125.SH,1
600126.SH,2
600127.SH,2
600128.SH,2
600129.SH,2
600130.SH,0
600131.SH,0
600132.SH,6
600133.SH,1
600135.SH,0
600136.SH,2
600137.SH,0
600138.SH,2
600141.SH,1
600143.SH,1
600148.SH,0
600149.SH,2
600150.SH,0
600151.SH,1
600152.SH,2
600153.SH,5
600155.SH,2
600156.SH,1
600157.SH,1
600158.SH,0
600159.SH,0
600160.SH,1
600161.SH,0
600162.SH,2
600163.SH,1
600165.SH,1
600166.SH,2
600167.SH,0
600168.SH,1
600169.SH,2
600170.SH,2
600171.SH,0
600172.SH,2
600173.SH,0
600176.SH,1
600177.SH,1
600178.SH,2
600179.SH,1
600180.SH,2
600182.SH,2
600183.SH,0
600184.SH,0
600185.SH,2
600186.SH,2
600187.SH,0
600188.SH,1
600189.SH,2
600191.SH,1
600192.SH,2
600193.SH,2
600195.SH,1
600196.SH,1
600197.SH,0
600198.SH,2
600199.SH,0
600201.SH,1
600202.SH,2
600203.SH,2
600206.SH,0
600207.SH,1
600208.SH,2
600210.SH,1
600211.SH,0
600212.SH,2
600215.SH,1
600216.SH,0
600217.SH,1
600218.SH,0
600219.SH,0
600221.SH,1
600222.SH,2
600223.SH,0
600226.SH,1
600227.SH,1
600228.SH,0
600229.SH,0
600230.SH,1
600231.SH,1
600232.SH,0
600233.SH,1
600234.SH,2
600235.SH,1
600236.SH,1
600237.SH,0
600238.SH,2
600239.SH,1
600241.SH,0
600243.SH,0
600246.SH,1
600248.SH,2
600249.SH,0
600250.SH,1
600251.SH,0
600252.SH,0
600255.SH,2
600256.SH,1
600257.SH,1
600258.SH,1
600259.SH,2
600261.SH,0
600262.SH,0
600265.SH,2
600266.SH,2
600267.SH,1
600268.SH,2
600269.SH,1
600271.SH,0
600272.SH,2
600273.SH,1
600276.SH,0
600278.SH,6
600279.SH,1
600280.SH,2
600281.SH,2
600282.SH,1
600283.SH,1
600284.SH,2
600285.SH,0
600287.SH,0
600288.SH,0
600289.SH,1
600292.SH,1
600293.SH,1
600295.SH,1
600298.SH,1
600299.SH,1
600300.SH,0
600301.SH,1
600302.SH,0
600303.SH,2
600305.SH,0
600307.SH,1
600308.SH,1
600309.SH,6
600310.SH,1
600312.SH,0
600313.SH,2
600315.SH,0
600316.SH,0
600318.SH,1
600319.SH,1
600320.SH,2
600322.SH,2
600323.SH,1
600325.SH,5
600326.SH,2
600327.SH,1
600328.SH,1
600329.SH,0
600330.SH,0
600331.SH,0
600332.SH,6
600333.SH,1
600335.SH,2
600336.SH,2
600338.SH,1
600339.SH,2
600340.SH,2
600343.SH,2
600345.SH,0
600346.SH,1
600348.SH,1
600350.SH,1
600351.SH,1
600352.SH,0
600353.SH,2
600354.SH,0
600356.SH,0
600358.SH,2
600359.SH,2
600360.SH,1
600361.SH,6
600362.SH,6
600363.SH,0
600365.SH,2
600366.SH,0
600367.SH,0
600368.SH,1
600369.SH,2
600370.SH,1
600371.SH,0
600372.SH,0
600373.SH,0
600375.SH,2
600376.SH,2
600377.SH,1
600378.SH,1
600379.SH,2
600380.SH,0
600381.SH,0
600382.SH,0
600383.SH,2
600386.SH,1
600388.SH,2
600389.SH,1
600390.SH,2
600391.SH,2
600392.SH,0
600395.SH,1
600396.SH,1
600397.SH,2
600398.SH,0
600399.SH,2
600400.SH,2
600403.SH,2
600405.SH,2
600406.SH,0
600408.SH,1
600409.SH,1
600410.SH,0
600415.SH,1
600416.SH,0
600418.SH,2
600419.SH,1
600420.SH,0
600421.SH,2
600422.SH,0
600423.SH,0
600425.SH,1
600426.SH,1
600428.SH,1
600429.SH,1
600433.SH,2
600435.SH,0
600436.SH,0
600438.SH,1
600439.SH,0
600444.SH,0
600446.SH,0
600448.SH,2
600449.SH,0
600452.SH,0
600455.SH,1
600456.SH,0
600458.SH,2
600459.SH,6
600460.SH,1
600461.SH,1
600463.SH,2
600467.SH,1
600468.SH,0
600469.SH,2
600470.SH,2
600475.SH,1
600476.SH,2
600477.SH,2
600478.SH,2
600479.SH,0
600480.SH,2
600481.SH,2
600482.SH,0
600483.SH,1
600486.SH,6
600487.SH,2
600488.SH,1
600489.SH,2
600490.SH,0
600491.SH,2
600493.SH,2
600495.SH,0
600496.SH,2
600497.SH,1
600498.SH,2
600499.SH,2
600500.SH,1
600501.SH,2
600502.SH,2
600503.SH,0
600505.SH,1
600506.SH,1
600507.SH,2
600508.SH,1
600509.SH,1
600510.SH,2
600511.SH,6
600512.SH,0
600513.SH,2
600515.SH,1
600516.SH,0
600517.SH,0
600518.SH,2
600519.SH,5
600520.SH,0
600521.SH,1
600522.SH,0
600523.SH,0
600525.SH,2
600526.SH,2
600527.SH,1
600528.SH,0
600529.SH,0
600530.SH,1
600531.SH,6
600533.SH,2
600535.SH,0
600536.SH,0
600537.SH,2
600538.SH,0
600539.SH,0
600540.SH,2
600543.SH,0
600545.SH,2
600546.SH,1
600547.SH,1
600548.SH,1
600549.SH,2
600550.SH,2
600551.SH,0
600552.SH,1
600556.SH,0
600557.SH,0
600558.SH,0
600559.SH,0
600560.SH,0
600561.SH,1
600562.SH,0
600563.SH,0
600566.SH,0
600567.SH,1
600568.SH,0
600569.SH,2
600570.SH,0
600571.SH,2
600572.SH,0
600573.SH,0
600575.SH,1
600576.SH,1
600577.SH,2
600578.SH,1
600579.SH,0
600580.SH,2
600581.SH,1
600582.SH,0
600583.SH,0
600584.SH,1
600585.SH,1
600586.SH,1
600587.SH,0
600588.SH,2
600589.SH,1
600590.SH,2
600592.SH,0
600593.SH,1
600594.SH,1
600595.SH,1
600596.SH,1
600597.SH,2
600598.SH,0
600599.SH,2
600600.SH,0
600601.SH,1
600602.SH,2
600603.SH,1
600604.SH,1
600605.SH,0
600606.SH,2
600609.SH,2
600610.SH,1
600611.SH,1
600612.SH,6
600613.SH,0
600615.SH,0
600616.SH,0
600617.SH,1
600618.SH,1
600619.SH,2
600620.SH,2
600621.SH,2
600622.SH,1
600623.SH,1
600624.SH,2
600626.SH,1
600628.SH,0
600629.SH,2
600630.SH,2
600633.SH,1
600635.SH,1
600636.SH,0
600637.SH,0
600638.SH,2
600639.SH,2
600640.SH,0
600641.SH,0
600642.SH,1
600643.SH,1
600644.SH,1
600645.SH,0
600648.SH,1
600649.SH,2
600650.SH,1
600651.SH,0
600653.SH,1
600654.SH,2
600655.SH,2
600657.SH,2
600658.SH,2
600660.SH,0
600661.SH,2
600662.SH,2
600663.SH,2
600664.SH,2
600665.SH,2
600666.SH,1
600667.SH,2
600668.SH,1
600671.SH,2
600673.SH,1
600674.SH,1
600675.SH,2
600676.SH,0
600678.SH,1
600679.SH,0
600681.SH,1
600682.SH,0
600683.SH,2
600684.SH,2
600685.SH,2
600686.SH,2
600688.SH,1
600689.SH,2
600690.SH,6
600691.SH,2
600692.SH,2
600693.SH,1
600694.SH,0
600697.SH,6
600698.SH,0
600699.SH,6
600702.SH,0
600703.SH,1
600704.SH,6
600706.SH,1
600707.SH,1
600708.SH,2
600710.SH,6
600711.SH,2
600712.SH,1
600713.SH,2
600714.SH,0
600715.SH,0
600716.SH,0
600717.SH,1
600718.SH,2
600719.SH,2
600720.SH,0
600721.SH,0
600722.SH,0
600724.SH,1
600725.SH,0
600726.SH,1
600727.SH,2
600728.SH,0
600729.SH,6
600731.SH,1
600732.SH,1
600733.SH,2
600734.SH,2
600735.SH,0
600736.SH,1
600737.SH,0
600738.SH,1
600739.SH,1
600740.SH,1
600741.SH,6
600742.SH,2
600743.SH,1
600744.SH,1
600745.SH,1
600746.SH,1
600748.SH,1
600749.SH,1
600750.SH,0
600751.SH,0
600753.SH,6
600754.SH,1
600755.SH,6
600756.SH,0
600757.SH,0
600758.SH,1
600759.SH,1
600760.SH,2
600761.SH,0
600763.SH,1
600764.SH,0
600765.SH,0
600768.SH,2
600769.SH,2
600770.SH,1
600771.SH,0
600773.SH,2
600774.SH,1
600775.SH,0
600776.SH,0
600777.SH,1
600778.SH,2
600779.SH,0
600780.SH,1
600782.SH,2
600783.SH,1
600784.SH,1
600785.SH,1
600787.SH,6
600789.SH,1
600790.SH,1
600791.SH,2
600792.SH,2
600793.SH,1
600794.SH,0
600795.SH,1
600796.SH,1
600797.SH,1
600798.SH,1
600801.SH,1
600802.SH,1
600803.SH,6
600805.SH,1
600807.SH,2
600808.SH,1
600809.SH,6
600810.SH,1
600812.SH,2
600814.SH,0
600815.SH,0
600816.SH,0
600817.SH,0
600818.SH,1
600819.SH,2
600820.SH,2
600821.SH,1
600822.SH,0
600824.SH,0
600825.SH,0
600826.SH,0
600827.SH,2
600828.SH,1
600829.SH,2
600830.SH,2
600831.SH,2
600833.SH,2
600834.SH,0
600835.SH,0
600838.SH,1
600839.SH,2
600841.SH,2
600843.SH,2
600844.SH,1
600845.SH,0
600846.SH,2
600847.SH,0
600848.SH,2
600850.SH,0
600851.SH,1
600853.SH,2
600854.SH,0
600855.SH,0
600857.SH,0
600858.SH,1
600859.SH,1
600860.SH,1
600861.SH,6
600862.SH,0
600863.SH,1
600864.SH,2
600865.SH,0
600866.SH,1
600867.SH,1
600868.SH,1
600869.SH,2
600871.SH,2
600872.SH,0
600873.SH,1
600874.SH,1
600875.SH,2
600876.SH,1
600877.SH,0
600879.SH,0
600880.SH,0
600881.SH,2
600882.SH,1
600883.SH,1
600884.SH,1
600885.SH,1
600886.SH,1
600887.SH,2
600888.SH,1
600889.SH,1
600892.SH,2
600893.SH,2
600894.SH,0
600895.SH,1
600897.SH,0
600900.SH,1
600901.SH,2
600903.SH,1
600905.SH,1
600906.SH,2
600908.SH,2
600909.SH,2
600916.SH,6
600917.SH,1
600918.SH,2
600919.SH,2
600925.SH,1
600926.SH,2
600927.SH,2
600928.SH,2
600929.SH,1
600930.SH,1
600933.SH,1
600935.SH,1
600936.SH,2
600938.SH,3
600939.SH,2
600941.SH,3
600955.SH,6
600956.SH,1
600958.SH,2
600959.SH,0
600960.SH,1
600961.SH,6
600962.SH,0
600963.SH,2
600965.SH,1
600966.SH,2
600967.SH,0
600968.SH,2
600969.SH,1
600970.SH,2
600971.SH,1
600973.SH,6
600975.SH,1
600976.SH,0
600977.SH,0
600979.SH,1
600980.SH,0
600981.SH,2
600982.SH,1
600983.SH,0
600984.SH,1
600985.SH,1
600986.SH,0
600987.SH,0
600988.SH,1
600989.SH,1
600990.SH,2
600992.SH,1
600993.SH,0
600995.SH,1
600996.SH,2
600997.SH,1
600998.SH,2
600999.SH,2
601000.SH,1
601001.SH,0
601002.SH,0
601003.SH,1
601005.SH,1
601006.SH,1
601007.SH,0
601008.SH,1
601009.SH,2
601010.SH,1
601011.SH,1
601012.SH,2
601015.SH,1
601016.SH,1
601018.SH,1
601019.SH,0
601020.SH,1
601021.SH,1
601022.SH,1
601026.SH,2
601033.SH,1
601038.SH,0
601058.SH,1
601059.SH,2
601061.SH,6
601065.SH,0
601066.SH,2
601068.SH,2
601069.SH,1
601077.SH,2
601083.SH,0
601086.SH,1
601088.SH,1
601089.SH,0
601096.SH,2
601098.SH,0
601099.SH,2
601100.SH,0
601101.SH,1
601106.SH,2
601107.SH,1
601108.SH,2
601111.SH,1
601113.SH,1
601116.SH,0
601117.SH,2
601118.SH,1
601121.SH,1
601126.SH,0
601127.SH,6
601128.SH,2
601133.SH,0
601136.SH,2
601137.SH,2
601138.SH,6
601139.SH,1
601155.SH,2
601156.SH,1
601158.SH,1
601162.SH,2
601163.SH,0
601166.SH,6
601168.SH,1
601169.SH,2
601177.SH,1
601179.SH,0
601186.SH,6
601187.SH,2
601188.SH,0
601198.SH,2
601199.SH,1
601200.SH,1
601208.SH,1
601211.SH,3
601212.SH,1
601216.SH,1
601218.SH,1
601222.SH,0
601225.SH,1
601226.SH,2
601228.SH,1
601229.SH,2
601231.SH,2
601233.SH,6
601236.SH,2
601238.SH,2
601279.SH,0
601288.SH,3
601298.SH,1
601311.SH,1
601318.SH,6
601319.SH,2
601326.SH,1
601328.SH,2
601330.SH,1
601333.SH,1
601336.SH,6
601339.SH,0
601360.SH,0
601366.SH,2
601368.SH,1
601369.SH,0
601375.SH,2
601377.SH,2
601388.SH,1
601390.SH,3
601398.SH,3
601399.SH,2
601456.SH,2
601500.SH,1
601512.SH,1
601515.SH,0
601518.SH,0
601519.SH,0
601528.SH,2
601555.SH,2
601566.SH,0
601567.SH,0
601568.SH,0
601577.SH,2
601579.SH,0
601588.SH,2
601595.SH,1
601598.SH,1
601599.SH,2
601600.SH,1
601601.SH,6
601606.SH,2
601607.SH,6
601608.SH,2
601609.SH,6
601611.SH,2
601615.SH,2
601616.SH,0
601618.SH,2
601619.SH,1
601628.SH,2
601633.SH,6
601636.SH,1
601658.SH,2
601665.SH,2
601666.SH,1
601668.SH,5
601669.SH,1
601677.SH,0
601678.SH,1
601686.SH,2
601688.SH,2
601689.SH,0
601696.SH,2
601698.SH,0
601699.SH,1
601700.SH,2
601702.SH,0
601717.SH,0
601718.SH,0
601727.SH,2
601728.SH,3
601766.SH,2
601777.SH,2
601778.SH,1
601788.SH,2
601789.SH,2
601798.SH,0
601799.SH,6
601800.SH,6
601801.SH,0
601808.SH,1
601811.SH,0
601816.SH,1
601818.SH,2
601825.SH,2
601827.SH,1
601828.SH,1
601838.SH,2
601857.SH,3
601858.SH,0
601860.SH,2
601865.SH,1
601866.SH,1
601868.SH,2
601869.SH,1
601872.SH,1
601877.SH,6
601878.SH,2
601880.SH,1
601881.SH,2
601882.SH,0
601886.SH,2
601888.SH,0
601890.SH,0
601898.SH,1
601899.SH,3
601900.SH,0
601901.SH,2
601908.SH,1
601916.SH,2
601918.SH,1
601919.SH,1
601921.SH,0
601928.SH,0
601929.SH,1
601933.SH,1
601939.SH,3
601949.SH,0
601952.SH,1
601956.SH,2
601958.SH,0
601963.SH,2
601965.SH,1
601966.SH,1
601968.SH,2
601969.SH,1
601975.SH,1
601985.SH,1
601988.SH,3
601990.SH,2
601991.SH,1
601992.SH,1
601995.SH,2
601996.SH,0
601997.SH,2
601998.SH,2
601999.SH,0
603000.SH,0
603001.SH,0
603002.SH,0
603004.SH,0
603005.SH,0
603006.SH,0
603007.SH,2
603008.SH,2
603009.SH,2
603010.SH,1
603011.SH,0
603012.SH,0
603013.SH,0
603014.SH,0
603015.SH,0
603016.SH,0
603017.SH,0
603018.SH,0
603019.SH,1
603020.SH,0
603021.SH,2
603022.SH,0
603023.SH,0
603025.SH,0
603026.SH,6
603027.SH,0
603028.SH,2
603029.SH,2
603030.SH,2
603031.SH,1
603032.SH,1
603033.SH,1
603035.SH,2
603036.SH,0
603037.SH,0
603038.SH,1
603039.SH,0
603040.SH,0
603041.SH,0
603042.SH,0
603043.SH,1
603045.SH,2
603048.SH,0
603049.SH,6
603050.SH,2
603051.SH,0
603052.SH,0
603053.SH,0
603055.SH,1
603056.SH,6
603057.SH,2
603058.SH,1
603059.SH,1
603060.SH,1
603061.SH,0
603062.SH,0
603063.SH,0
603065.SH,1
603066.SH,0
603067.SH,1
603068.SH,0
603069.SH,1
603070.SH,0
603071.SH,6
603072.SH,0
603073.SH,0
603075.SH,0
603076.SH,0
603077.SH,1
603078.SH,1
603079.SH,1
603080.SH,1
603081.SH,1
603082.SH,0
603083.SH,2
603085.SH,2
603086.SH,0
603087.SH,0
603088.SH,0
603089.SH,2
603090.SH,0
603091.SH,1
603092.SH,2
603093.SH,2
603095.SH,0
603096.SH,0
603097.SH,2
603098.SH,0
603099.SH,1
603100.SH,0
603101.SH,1
603102.SH,0
603103.SH,1
603105.SH,1
603106.SH,0
603107.SH,0
603108.SH,2
603109.SH,0
603110.SH,0
603111.SH,0
603112.SH,1
603113.SH,2
603115.SH,0
603116.SH,0
603117.SH,1
603118.SH,2
603119.SH,0
603120.SH,0
603121.SH,1
603122.SH,0
603123.SH,1
603124.SH,6
603125.SH,0
603126.SH,2
603127.SH,0
603128.SH,2
603129.SH,6
603130.SH,2
603131.SH,0
603132.SH,1
603135.SH,0
603136.SH,1
603137.SH,0
603138.SH,0
603139.SH,1
603150.SH,6
603151.SH,6
603153.SH,0
603155.SH,0
603156.SH,0
603158.SH,0
603159.SH,0
603160.SH,0
603161.SH,1
603162.SH,1
603163.SH,0
603165.SH,0
603166.SH,1
603167.SH,1
603168.SH,1
603169.SH,2
603170.SH,0
603171.SH,0
603172.SH,0
603173.SH,0
603175.SH,1
603176.SH,2
603177.SH,2
603178.SH,2
603179.SH,2
603180.SH,1
603181.SH,1
603182.SH,1
603183.SH,0
603185.SH,2
603186.SH,2
603187.SH,0
603188.SH,2
603189.SH,0
603190.SH,0
603191.SH,2
603192.SH,0
603193.SH,0
603194.SH,0
603195.SH,0
603196.SH,0
603197.SH,2
603198.SH,0
603199.SH,1
603200.SH,0
603201.SH,0
603202.SH,6
603203.SH,0
603205.SH,0
603206.SH,2
603207.SH,0
603208.SH,1
603209.SH,1
603210.SH,0
603211.SH,0
603212.SH,0
603213.SH,1
603214.SH,2
603215.SH,2
603216.SH,0
603217.SH,0
603218.SH,0
603219.SH,2
603220.SH,1
603221.SH,1
603222.SH,1
603223.SH,1
603225.SH,6
603226.SH,1
603227.SH,0
603228.SH,0
603229.SH,0
603230.SH,0
603231.SH,0
603232.SH,0
603233.SH,2
603235.SH,1
603236.SH,6
603237.SH,1
603238.SH,2
603239.SH,0
603255.SH,1
603256.SH,1
603257.SH,0
603258.SH,0
603259.SH,6
603260.SH,1
603261.SH,0
603262.SH,0
603266.SH,0
603267.SH,0
603268.SH,7
603269.SH,2
603270.SH,2
603271.SH,6
603272.SH,0
603273.SH,0
603275.SH,0
603276.SH,0
603277.SH,0
603278.SH,2
603279.SH,0
603280.SH,0
603281.SH,0
603282.SH,0
603283.SH,0
603285.SH,0
603286.SH,2
603288.SH,0
603289.SH,2
603290.SH,1
603291.SH,1
603296.SH,6
603297.SH,0
603298.SH,0
603299.SH,1
603300.SH,1
603301.SH,1
603303.SH,0
603306.SH,1
603307.SH,0
603308.SH,1
603309.SH,1
603310.SH,0
603311.SH,0
603312.SH,0
603313.SH,1
603315.SH,0
603316.SH,2
603317.SH,0
603318.SH,1
603319.SH,0
603320.SH,0
603321.SH,0
603322.SH,2
603323.SH,2
603324.SH,2
603325.SH,0
603326.SH,1
603327.SH,1
603328.SH,0
603329.SH,2
603330.SH,0
603331.SH,1
603332.SH,0
603333.SH,0
603334.SH,6
603335.SH,2
603336.SH,0
603337.SH,0
603338.SH,0
603339.SH,0
603341.SH,6
603344.SH,0
603345.SH,6
603348.SH,1
603350.SH,0
603351.SH,1
603353.SH,1
603355.SH,2
603356.SH,2
603357.SH,0
603358.SH,2
603359.SH,0
603360.SH,1
603363.SH,1
603365.SH,0
603366.SH,1
603367.SH,0
603368.SH,6
603369.SH,0
603370.SH,0
603373.SH,0
603375.SH,0
603376.SH,2
603377.SH,1
603378.SH,2
603379.SH,0
603380.SH,0
603381.SH,6
603382.SH,2
603383.SH,0
603385.SH,0
603386.SH,2
603387.SH,0
603389.SH,2
603390.SH,0
603391.SH,0
603392.SH,0
603393.SH,1
603395.SH,2
603396.SH,0
603398.SH,2
603399.SH,2
603400.SH,0
603406.SH,0
603408.SH,0
603409.SH,0
603416.SH,0
603418.SH,6
603421.SH,0
603429.SH,0
603439.SH,2
603444.SH,6
603456.SH,0
603458.SH,0
603466.SH,0
603477.SH,1
603486.SH,0
603488.SH,0
603489.SH,0
603496.SH,0
603499.SH,1
603500.SH,0
603501.SH,0
603505.SH,1
603506.SH,0
603507.SH,2
603508.SH,0
603511.SH,0
603515.SH,0
603516.SH,0
603517.SH,1
603518.SH,0
603519.SH,0
603520.SH,1
603527.SH,6
603528.SH,0
603529.SH,6
603530.SH,0
603533.SH,0
603535.SH,1
603536.SH,2
603538.SH,1
603551.SH,0
603556.SH,0
603557.SH,2
603558.SH,0
603559.SH,0
603565.SH,1
603566.SH,0
603567.SH,0
603568.SH,1
603569.SH,2
603577.SH,2
603578.SH,1
603579.SH,0
603580.SH,2
603583.SH,0
603585.SH,1
603586.SH,0
603587.SH,0
603588.SH,2
603589.SH,0
603590.SH,0
603595.SH,2
603596.SH,2
603598.SH,6
603599.SH,0
603600.SH,2
603601.SH,1
603602.SH,2
603605.SH,0
603606.SH,0
603607.SH,0
603608.SH,1
603609.SH,6
603610.SH,1
603611.SH,2
603612.SH,1
603613.SH,6
603615.SH,0
603616.SH,2
603617.SH,0
603618.SH,2
603619.SH,1
603626.SH,2
603628.SH,2
603629.SH,1
603630.SH,0
603633.SH,2
603636.SH,2
603637.SH,0
603638.SH,1
603639.SH,2
603648.SH,1
603650.SH,1
603655.SH,0
603656.SH,0
603657.SH,2
603658.SH,0
603659.SH,0
603660.SH,2
603661.SH,6
603662.SH,0
603663.SH,0
603665.SH,2
603666.SH,0
603667.SH,0
603668.SH,2
603669.SH,1
603676.SH,0
603677.SH,2
603678.SH,0
603679.SH,2
603680.SH,0
603681.SH,6
603682.SH,1
603683.SH,1
603685.SH,1
603686.SH,0
603687.SH,0
603688.SH,0
603689.SH,1
603690.SH,2
603693.SH,1
603696.SH,0
603697.SH,0
603698.SH,2
603699.SH,0
603700.SH,0
603701.SH,2
603703.SH,2
603706.SH,0
603707.SH,0
603708.SH,1
603709.SH,2
603711.SH,0
603712.SH,0
603713.SH,6
603716.SH,0
603717.SH,1
603718.SH,0
603719.SH,2
603721.SH,1
603722.SH,0
603725.SH,2
603726.SH,0
603727.SH,0
603728.SH,0
603729.SH,2
603730.SH,1
603733.SH,1
603737.SH,2
603738.SH,0
603739.SH,0
603755.SH,1
603757.SH,0
603758.SH,0
603759.SH,1
603766.SH,0
603767.SH,0
603768.SH,2
603773.SH,2
603776.SH,0
603777.SH,2
603778.SH,2
603779.SH,2
603786.SH,0
603787.SH,2
603788.SH,0
603789.SH,2
603790.SH,0
603797.SH,1
603798.SH,0
603799.SH,6
603800.SH,2
603801.SH,2
603803.SH,0
603806.SH,1
603808.SH,1
603809.SH,1
603810.SH,2
603811.SH,1
603813.SH,1
603815.SH,2
603816.SH,0
603817.SH,1
603818.SH,1
603819.SH,2
603822.SH,6
603823.SH,0
603825.SH,2
603826.SH,2
603828.SH,2
603829.SH,2
603833.SH,0
603836.SH,6
603838.SH,2
603839.SH,0
603843.SH,2
603848.SH,1
603855.SH,0
603856.SH,0
603858.SH,1
603859.SH,0
603860.SH,0
603861.SH,2
603863.SH,1
603866.SH,1
603867.SH,1
603868.SH,0
603869.SH,0
603871.SH,0
603876.SH,2
603877.SH,1
603878.SH,0
603879.SH,2
603880.SH,2
603881.SH,1
603882.SH,0
603883.SH,1
603885.SH,1
603886.SH,0
603887.SH,2
603888.SH,0
603889.SH,2
603890.SH,2
603893.SH,0
603895.SH,2
603896.SH,1
603897.SH,6
603898.SH,0
603899.SH,0
603900.SH,0
603901.SH,2
603903.SH,2
603906.SH,2
603908.SH,0
603909.SH,2
603912.SH,0
603915.SH,0
603916.SH,0
603917.SH,0
603918.SH,0
603919.SH,0
603920.SH,0
603922.SH,0
603926.SH,0
603927.SH,0
603928.SH,0
603929.SH,0
603931.SH,0
603933.SH,0
603936.SH,1
603937.SH,1
603938.SH,0
603939.SH,2
603948.SH,0
603949.SH,0
603950.SH,1
603955.SH,0
603956.SH,0
603958.SH,2
603959.SH,2
603960.SH,0
603966.SH,0
603967.SH,1
603968.SH,0
603969.SH,0
603970.SH,6
603976.SH,1
603977.SH,0
603978.SH,2
603979.SH,1
603980.SH,0
603982.SH,1
603983.SH,0
603985.SH,2
603986.SH,0
603987.SH,0
603988.SH,0
603989.SH,0
603990.SH,0
603991.SH,1
603992.SH,0
603993.SH,1
603995.SH,6
603997.SH,1
603998.SH,1
603999.SH,0
605001.SH,0
605003.SH,0
605005.SH,0
605006.SH,1
605007.SH,1
605008.SH,1
605009.SH,0
605011.SH,1
605016.SH,0
605018.SH,0
605020.SH,1
605028.SH,1
605033.SH,0
605050.SH,2
605055.SH,1
605056.SH,0
605058.SH,0
605060.SH,0
605066.SH,0
605068.SH,2
605069.SH,1
605077.SH,1
605080.SH,0
605086.SH,1
605088.SH,0
605089.SH,0
605090.SH,1
605098.SH,0
605099.SH,0
605100.SH,0
605108.SH,1
605111.SH,0
605116.SH,1
605117.SH,0
605118.SH,0
605122.SH,0
605123.SH,6
605128.SH,0
605133.SH,0
605136.SH,0
605138.SH,1
605151.SH,0
605155.SH,0
605158.SH,2
605162.SH,1
605166.SH,2
605167.SH,1
605168.SH,0
605169.SH,1
605177.SH,1
605178.SH,0
605179.SH,1
605180.SH,0
605183.SH,0
605186.SH,0
605188.SH,1
605189.SH,2
605196.SH,2
605198.SH,0
605199.SH,1
605208.SH,2
605218.SH,2
605222.SH,6
605228.SH,1
605255.SH,0
605258.SH,0
605259.SH,0
605266.SH,6
605268.SH,2
605277.SH,2
605286.SH,2
605287.SH,2
605288.SH,0
605289.SH,2
605296.SH,1
605298.SH,0
605299.SH,0
605300.SH,0
605303.SH,0
605305.SH,0
605318.SH,0
605319.SH,2
605333.SH,2
605336.SH,0
605337.SH,1
605338.SH,0
605339.SH,0
605358.SH,1
605365.SH,0
605366.SH,1
605368.SH,1
605369.SH,0
605376.SH,1
605377.SH,0
605378.SH,0
605388.SH,0
605389.SH,0
605398.SH,0
605399.SH,1
605488.SH,1
605499.SH,6
605500.SH,1
605507.SH,0
605555.SH,0
605566.SH,0
605567.SH,2
605577.SH,1
605580.SH,1
605588.SH,1
605589.SH,0
605598.SH,0
605599.SH,6
688001.SH,0
688002.SH,1
688003.SH,0
688004.SH,0
688005.SH,2
688006.SH,0
688007.SH,0
688008.SH,0
688009.SH,0
688010.SH,0
688011.SH,0
688013.SH,0
688015.SH,0
688016.SH,0
688017.SH,0
688018.SH,6
688019.SH,1
688020.SH,0
688022.SH,2
688023.SH,0
688025.SH,0
688026.SH,1
688027.SH,0
688028.SH,0
688029.SH,0
688030.SH,2
688031.SH,0
688032.SH,0
688033.SH,2
688035.SH,0
688036.SH,6
688037.SH,0
688038.SH,0
688039.SH,0
688041.SH,0
688045.SH,0
688046.SH,0
688047.SH,0
688048.SH,0
688049.SH,0
688050.SH,1
688051.SH,0
688052.SH,0
688053.SH,0
688055.SH,0
688056.SH,0
688057.SH,0
688058.SH,0
688059.SH,1
688060.SH,0
688061.SH,0
688062.SH,2
688063.SH,0
688065.SH,0
688066.SH,2
688067.SH,0
688068.SH,0
688069.SH,0
688070.SH,0
688071.SH,1
688072.SH,0
688073.SH,0
688075.SH,0
688076.SH,1
688077.SH,2
688078.SH,0
688079.SH,1
688080.SH,0
688081.SH,0
688082.SH,6
688083.SH,0
688084.SH,0
688085.SH,0
688087.SH,2
688088.SH,0
688089.SH,1
688090.SH,0
688091.SH,0
688092.SH,0
688093.SH,0
688095.SH,0
688096.SH,2
688097.SH,0
688098.SH,0
688099.SH,0
688100.SH,0
688101.SH,0
688102.SH,1
688103.SH,0
688105.SH,0
688106.SH,1
688107.SH,0
688108.SH,1
688109.SH,0
688110.SH,0
688111.SH,0
688112.SH,0
688113.SH,0
688114.SH,0
688115.SH,4
688116.SH,1
688117.SH,1
688118.SH,0
688119.SH,0
688120.SH,0
688121.SH,2
688122.SH,0
688123.SH,0
688125.SH,0
688126.SH,1
688127.SH,1
688128.SH,0
688129.SH,0
688130.SH,0
688131.SH,1
688132.SH,0
688133.SH,0
688135.SH,1
688136.SH,1
688137.SH,0
688138.SH,1
688139.SH,0
688141.SH,2
688143.SH,0
688146.SH,0
688147.SH,2
688148.SH,2
688150.SH,0
688151.SH,0
688152.SH,0
688153.SH,0
688155.SH,0
688156.SH,1
688157.SH,0
688158.SH,1
688159.SH,6
688160.SH,0
688161.SH,0
688162.SH,0
688163.SH,0
688165.SH,2
688166.SH,1
688167.SH,1
688168.SH,0
688169.SH,6
688170.SH,0
688171.SH,0
688172.SH,1
688173.SH,0
688175.SH,0
688176.SH,0
688177.SH,2
688178.SH,2
688179.SH,1
688180.SH,1
688181.SH,0
688182.SH,0
688183.SH,2
688184.SH,0
688185.SH,0
688186.SH,2
688187.SH,0
688188.SH,0
688189.SH,0
688190.SH,0
688191.SH,0
688192.SH,2
688193.SH,0
688195.SH,1
688196.SH,1
688197.SH,0
688198.SH,1
688199.SH,0
688200.SH,0
688201.SH,0
688202.SH,0
688203.SH,0
688205.SH,0
688206.SH,0
688207.SH,0
688208.SH,1
688209.SH,0
688210.SH,1
688211.SH,0
688212.SH,0
688213.SH,2
688215.SH,0
688216.SH,1
688217.SH,0
688218.SH,0
688219.SH,2
688220.SH,0
688221.SH,2
688222.SH,0
688223.SH,2
688225.SH,2
688226.SH,2
688227.SH,0
688228.SH,0
688229.SH,0
688230.SH,0
688231.SH,0
688232.SH,0
688233.SH,1
688234.SH,0
688235.SH,0
688236.SH,0
688237.SH,0
688238.SH,1
688239.SH,2
688244.SH,0
688246.SH,0
688247.SH,0
688248.SH,0
688249.SH,1
688251.SH,0
688252.SH,0
688253.SH,0
688255.SH,0
688256.SH,6
688257.SH,0
688258.SH,1
688259.SH,0
688260.SH,2
688261.SH,0
688262.SH,0
688265.SH,0
688266.SH,2
688267.SH,0
688268.SH,1
688269.SH,1
688270.SH,0
688271.SH,0
688272.SH,0
688273.SH,0
688275.SH,6
688276.SH,0
688277.SH,1
688278.SH,0
688279.SH,0
688280.SH,2
688281.SH,0
688282.SH,0
688283.SH,0
688285.SH,0
688286.SH,0
688287.SH,0
688288.SH,0
688289.SH,0
688290.SH,0
688291.SH,0
688292.SH,0
688293.SH,0
688295.SH,1
688296.SH,0
688297.SH,0
688298.SH,0
688299.SH,1
688300.SH,0
688301.SH,1
688302.SH,0
688303.SH,0
688305.SH,0
688306.SH,2
688307.SH,0
688308.SH,0
688309.SH,0
688310.SH,0
688311.SH,0
688312.SH,0
688313.SH,0
688314.SH,0
688315.SH,0
688316.SH,2
688317.SH,0
688318.SH,0
688319.SH,1
688320.SH,0
688321.SH,1
688322.SH,0
688323.SH,1
688325.SH,0
688326.SH,6
688327.SH,2
688328.SH,0
688329.SH,0
688330.SH,0
688331.SH,2
688332.SH,0
688333.SH,0
688334.SH,0
688335.SH,0
688336.SH,0
688337.SH,0
688338.SH,0
688339.SH,0
688343.SH,0
688345.SH,2
688347.SH,1
688348.SH,0
688349.SH,2
688350.SH,1
688351.SH,0
688352.SH,1
688353.SH,1
688355.SH,0
688356.SH,0
688357.SH,1
688358.SH,0
688359.SH,2
688360.SH,2
688361.SH,2
688362.SH,1
688363.SH,1
688365.SH,1
688366.SH,0
688367.SH,0
688368.SH,0
688369.SH,0
688370.SH,0
688371.SH,0
688372.SH,1
688373.SH,2
688375.SH,0
688376.SH,0
688377.SH,0
688378.SH,1
688379.SH,2
688380.SH,0
688381.SH,0
688382.SH,0
688383.SH,0
688385.SH,0
688386.SH,1
688387.SH,0
688388.SH,1
688389.SH,0
688390.SH,2
688391.SH,0
688392.SH,0
688393.SH,0
688395.SH,0
688396.SH,0
688398.SH,1
688399.SH,0
688400.SH,0
688401.SH,1
688403.SH,1
688408.SH,2
688409.SH,1
688410.SH,0
688411.SH,6
688416.SH,0
688418.SH,0
688419.SH,0
688420.SH,0
688425.SH,0
688426.SH,0
688428.SH,0
688429.SH,1
688432.SH,0
688433.SH,0
688435.SH,0
688439.SH,0
688443.SH,2
688448.SH,0
688449.SH,0
688450.SH,0
688455.SH,2
688456.SH,6
688458.SH,0
688459.SH,0
688466.SH,1
688468.SH,1
688469.SH,1
688472.SH,2
688475.SH,0
688478.SH,0
688479.SH,0
688480.SH,0
688484.SH,0
688485.SH,0
688486.SH,0
688488.SH,2
688489.SH,0
688496.SH,2
688498.SH,0
688499.SH,2
688500.SH,0
688501.SH,0
688502.SH,0
688503.SH,6
688505.SH,0
688506.SH,2
688507.SH,0
688508.SH,0
688509.SH,2
688510.SH,0
688511.SH,0
688512.SH,0
688513.SH,0
688515.SH,0
688516.SH,2
688517.SH,0
688518.SH,0
688519.SH,2
688520.SH,2
688521.SH,2
688522.SH,0
688523.SH,1
688525.SH,2
688526.SH,0
688528.SH,2
688529.SH,2
688530.SH,0
688531.SH,0
688533.SH,2
688535.SH,1
688536.SH,0
688538.SH,1
688539.SH,0
688543.SH,0
688545.SH,1
688548.SH,1
688549.SH,0
688550.SH,0
688551.SH,0
688552.SH,0
688553.SH,0
688556.SH,2
688557.SH,0
688558.SH,0
688559.SH,2
688560.SH,0
688561.SH,0
688562.SH,0
688563.SH,0
688565.SH,0
688566.SH,0
688567.SH,2
688568.SH,0
688569.SH,0
688570.SH,0
688571.SH,0
688573.SH,2
688575.SH,1
688576.SH,0
688577.SH,0
688578.SH,0
688579.SH,0
688580.SH,0
688581.SH,0
688582.SH,0
688583.SH,0
688584.SH,1
688585.SH,0
688586.SH,0
688588.SH,0
688589.SH,0
688590.SH,2
688591.SH,0
688592.SH,0
688593.SH,0
688595.SH,1
688596.SH,2
688597.SH,2
688598.SH,0
688599.SH,2
688600.SH,0
688601.SH,0
688602.SH,0
688603.SH,0
688605.SH,0
688606.SH,0
688607.SH,0
688608.SH,0
688609.SH,2
688610.SH,0
688611.SH,0
688612.SH,0
688613.SH,0
688615.SH,0
688616.SH,0
688617.SH,0
688618.SH,0
688619.SH,0
688620.SH,0
688621.SH,0
688622.SH,1
688623.SH,0
688625.SH,0
688626.SH,0
688627.SH,0
688628.SH,0
688629.SH,2
688630.SH,0
688631.SH,0
688633.SH,0
688636.SH,0
688638.SH,0
688639.SH,1
688646.SH,0
688648.SH,0
688651.SH,0
688652.SH,0
688653.SH,0
688655.SH,2
688656.SH,0
688657.SH,0
688658.SH,0
688659.SH,2
688660.SH,2
688661.SH,0
688662.SH,0
688663.SH,0
688665.SH,0
688667.SH,0
688668.SH,0
688669.SH,2
688670.SH,0
688671.SH,0
688676.SH,0
688677.SH,0
688678.SH,2
688679.SH,2
688680.SH,1
688681.SH,0
688682.SH,0
688683.SH,1
688685.SH,1
688686.SH,0
688687.SH,0
688689.SH,0
688690.SH,0
688691.SH,0
688692.SH,0
688693.SH,0
688695.SH,0
688696.SH,6
688697.SH,0
688698.SH,0
688699.SH,0
688700.SH,0
688702.SH,0
688707.SH,0
688708.SH,0
688709.SH,0
688710.SH,0
688711.SH,1
688716.SH,0
688717.SH,0
688718.SH,0
688719.SH,0
688720.SH,0
688721.SH,1
688722.SH,1
688726.SH,0
688727.SH,1
688728.SH,1
688729.SH,0
688733.SH,1
688737.SH,2
688739.SH,0
688750.SH,0
688755.SH,0
688757.SH,1
688758.SH,0
688759.SH,2
688765.SH,1
688766.SH,0
688767.SH,0
688768.SH,0
688772.SH,1
688775.SH,0
688776.SH,0
688777.SH,0
688778.SH,6
688779.SH,1
688783.SH,1
688786.SH,1
688787.SH,0
688788.SH,0
688789.SH,0
688790.SH,0
688793.SH,2
688795.SH,0
688796.SH,1
688798.SH,0
688799.SH,1
688800.SH,2
688802.SH,2
688807.SH,0
688819.SH,6
688981.SH,1
689009.SH,6
920000.BJ,0
920001.BJ,1
920002.BJ,0
920003.BJ,0
920005.BJ,0
920006.BJ,0
920007.BJ,0
920008.BJ,0
920009.BJ,0
920010.BJ,1
920014.BJ,0
920015.BJ,0
920016.BJ,1
920017.BJ,0
920018.BJ,0
920019.BJ,0
920020.BJ,0
920021.BJ,0
920022.BJ,0
920023.BJ,1
920026.BJ,0
920027.BJ,0
920029.BJ,6
920033.BJ,0
920035.BJ,0
920037.BJ,1
920039.BJ,0
920046.BJ,0
920047.BJ,1
920056.BJ,0
920058.BJ,2
920060.BJ,0
920061.BJ,0
920062.BJ,2
920066.BJ,0
920068.BJ,0
920075.BJ,0
920077.BJ,1
920080.BJ,0
920082.BJ,0
920087.BJ,0
920088.BJ,0
920089.BJ,0
920091.BJ,0
920092.BJ,4
920098.BJ,0
920099.BJ,0
920100.BJ,0
920101.BJ,0
920106.BJ,0
920108.BJ,1
920110.BJ,0
920111.BJ,0
920112.BJ,0
920116.BJ,0
920122.BJ,0
920123.BJ,1
920124.BJ,1
920128.BJ,0
920130.BJ,0
920132.BJ,0
920139.BJ,1
920145.BJ,0
920152.BJ,2
920158.BJ,0
920160.BJ,0
920163.BJ,1
920167.BJ,2
920169.BJ,0
920171.BJ,0
920174.BJ,0
920175.BJ,1
920179.BJ,0
920184.BJ,0
920185.BJ,1
920190.BJ,2
920195.BJ,0
920198.BJ,0
920199.BJ,0
920204.BJ,1
920207.BJ,2
920208.BJ,0
920212.BJ,0
920221.BJ,0
920223.BJ,2
920225.BJ,0
920227.BJ,0
920237.BJ,0
920239.BJ,2
920242.BJ,0
920247.BJ,0
920249.BJ,2
920252.BJ,0
920261.BJ,6
920262.BJ,0
920263.BJ,2
920270.BJ,0
920271.BJ,0
920273.BJ,0
920274.BJ,0
920275.BJ,0
920278.BJ,0
920284.BJ,0
920299.BJ,0
920304.BJ,2
920339.BJ,0
920344.BJ,1
920346.BJ,0
920351.BJ,2
920357.BJ,0
920363.BJ,0
920367.BJ,0
920368.BJ,0
920371.BJ,0
920374.BJ,0
920375.BJ,0
920378.BJ,0
920392.BJ,2
920394.BJ,0
920395.BJ,0
920396.BJ,0
920402.BJ,1
920403.BJ,0
920405.BJ,2
920407.BJ,0
920415.BJ,0
920418.BJ,0
920419.BJ,0
920425.BJ,0
920429.BJ,0
920433.BJ,0
920436.BJ,2
920438.BJ,1
920445.BJ,1
920454.BJ,0
920455.BJ,0
920469.BJ,2
920475.BJ,0
920476.BJ,1
920478.BJ,0
920489.BJ,1
920491.BJ,0
920493.BJ,1
920496.BJ,0
920505.BJ,0
920508.BJ,0
920509.BJ,0
920510.BJ,1
920522.BJ,0
920523.BJ,1
920526.BJ,0
920533.BJ,2
920541.BJ,0
920547.BJ,0
920553.BJ,1
920556.BJ,0
920564.BJ,0
920566.BJ,1
920570.BJ,0
920571.BJ,1
920575.BJ,2
920576.BJ,0
920578.BJ,0
920579.BJ,2
920592.BJ,0
920593.BJ,0
920599.BJ,0
920627.BJ,0
920634.BJ,0
920639.BJ,2
920640.BJ,0
920641.BJ,0
920642.BJ,2
920651.BJ,0
920656.BJ,0
920662.BJ,0
920663.BJ,0
920665.BJ,0
920670.BJ,0
920675.BJ,0
920682.BJ,2
920689.BJ,0
920690.BJ,0
920693.BJ,0
920694.BJ,0
920699.BJ,0
920701.BJ,0
920703.BJ,0
920706.BJ,0
920717.BJ,0
920718.BJ,0
920720.BJ,2
920725.BJ,0
920726.BJ,0
920729.BJ,0
920735.BJ,0
920748.BJ,0
920751.BJ,0
920753.BJ,0
920765.BJ,0
920770.BJ,1
920779.BJ,0
920781.BJ,2
920786.BJ,1
920790.BJ,0
920792.BJ,1
920799.BJ,2
920806.BJ,0
920807.BJ,0
920808.BJ,2
920809.BJ,2
920819.BJ,1
920821.BJ,1
920826.BJ,2
920833.BJ,0
920834.BJ,0
920837.BJ,0
920839.BJ,0
920856.BJ,0
920857.BJ,0
920866.BJ,0
920870.BJ,0
920876.BJ,0
920879.BJ,0
920885.BJ,0
920892.BJ,0
920896.BJ,1
920906.BJ,2
920914.BJ,0
920924.BJ,2
920925.BJ,0
920926.BJ,0
920931.BJ,2
920932.BJ,2
920942.BJ,0
920943.BJ,2
920946.BJ,0
920953.BJ,0
920957.BJ,0
920961.BJ,1
920964.BJ,0
920971.BJ,0
920976.BJ,0
920978.BJ,0
920981.BJ,1
920982.BJ,0
920985.BJ,2
920992.BJ,0
